Team,G,RB rush TD,RB rec TD,RB TD/g,RB TD rank,WR TD,WR TD/g,WR TD rank,TE TD,TE TD/g,TE TD rank,QB rush TD/g,QB rush rank,RB rec/g,RB rec rank,WR rec/g,WR rec rank,TE rec/g,TE rec rank,Opp RZ trips,Opp RZ TDs,RZ TD% allowed,RZ TD% rank,2025 RB TD rank,2025 WR TD rank,2025 TE TD rank,2025 RZ TD% rank
DET,4,4,0,1.0,8,5,1.2,7,6,1.5,1,0.5,2,4.2,16,15.2,1,9.2,1,18,14,78%,3,22,2,10,14
NO,4,9,0,2.2,1,5,1.2,7,2,0.5,11,0.0,18,4.0,20,9.8,22,7.2,4,18,12,67%,9,17,13,15,24
DAL,4,4,1,1.2,6,5,1.2,7,3,0.8,7,0.0,18,3.0,29,12.0,12,5.5,13,18,12,67%,9,4,1,25,3
NYG,4,2,2,1.0,8,5,1.2,7,2,0.5,11,0.0,18,3.8,23,11.2,15,7.0,6,13,9,69%,8,8,8,25,7
WSH,4,2,0,0.5,23,6,1.5,2,5,1.2,2,0.2,7,3.5,25,14.5,4,4.8,20,15,12,80%,1,4,8,2,6
ARI,4,2,0,0.5,23,8,2.0,1,4,1.0,4,0.0,18,2.0,32,9.2,26,6.0,9,15,10,67%,9,2,20,4,11
BUF,4,3,3,1.5,4,6,1.5,2,1,0.2,22,0.0,18,5.2,6,13.2,7,5.0,19,15,11,73%,6,3,23,25,12
GB,4,7,1,2.0,2,3,0.8,16,2,0.5,11,0.0,18,2.8,30,12.8,10,4.2,23,15,12,80%,1,22,6,15,10
IND,4,4,0,1.0,8,4,1.0,14,2,0.5,11,0.2,7,4.0,20,11.0,17,5.5,13,14,8,57%,20,15,13,15,18
BAL,4,4,0,1.0,8,3,0.8,16,2,0.5,11,0.2,7,4.2,16,14.8,3,3.8,26,14,8,57%,20,13,13,29,27
DEN,4,3,1,1.0,8,3,0.8,16,2,0.5,11,0.2,7,5.2,6,9.2,26,5.8,12,16,7,44%,28,17,31,15,32
LAC,4,3,1,1.0,8,5,1.2,7,1,0.2,22,0.5,2,4.0,20,10.2,21,4.2,23,16,9,56%,22,25,27,15,30
ATL,4,2,1,0.8,15,3,0.8,16,3,0.8,7,0.0,18,5.8,4,14.5,4,6.0,9,16,9,56%,22,22,4,32,23
CAR,4,5,0,1.2,6,1,0.2,29,4,1.0,4,0.5,2,4.8,11,12.0,12,5.2,15,11,8,73%,7,9,25,14,21
CLE,4,0,0,0.0,31,6,1.5,2,3,0.8,7,0.0,18,4.2,16,11.2,15,6.2,8,10,5,50%,25,13,8,25,16
HOU,4,3,0,0.8,15,6,1.5,2,0,0.0,25,0.5,2,3.8,23,15.0,2,5.2,15,11,7,64%,14,17,27,10,13
TEN,4,3,0,0.8,15,3,0.8,16,2,0.5,11,0.0,18,3.5,25,12.5,11,4.5,22,12,8,67%,9,4,5,8,2
LV,4,3,0,0.8,15,2,0.5,26,5,1.2,2,0.2,7,3.5,25,9.0,28,6.0,9,12,9,75%,4,10,13,15,17
MIA,4,3,4,1.8,3,1,0.2,29,2,0.5,11,0.2,7,5.0,9,9.8,22,7.2,4,17,11,65%,13,10,8,8,9
NYJ,4,4,2,1.5,4,3,0.8,16,0,0.0,25,0.0,18,4.5,15,11.5,14,5.2,15,16,9,56%,22,1,13,6,1
PIT,4,3,1,1.0,8,2,0.5,26,2,0.5,11,0.0,18,5.2,6,11.0,17,3.2,27,5,3,60%,17,31,8,4,26
NE,4,3,0,0.8,15,5,1.2,7,0,0.0,25,0.2,7,4.2,16,13.0,8,3.2,27,11,7,64%,14,29,6,15,8
PHI,4,3,0,0.8,15,5,1.2,7,0,0.0,25,0.8,1,4.8,11,13.0,8,4.0,25,17,10,59%,18,10,31,29,24
KC,4,3,0,0.8,15,0,0.0,32,4,1.0,4,0.0,18,4.8,11,9.5,25,8.2,2,10,5,50%,25,25,27,29,22
TB,4,1,0,0.2,28,3,0.8,16,3,0.8,7,0.0,18,6.2,3,8.8,31,6.5,7,11,5,45%,27,17,20,3,5
SEA,4,1,2,0.8,15,2,0.5,26,2,0.5,11,0.0,18,5.8,4,9.0,28,4.8,20,8,6,75%,4,31,23,15,29
LAR,4,0,0,0.0,31,6,1.5,2,1,0.2,22,0.2,7,4.8,11,9.0,28,3.0,30,12,7,58%,19,30,13,10,27
CIN,4,2,0,0.5,23,4,1.0,14,0,0.0,25,0.2,7,5.0,9,9.8,22,7.8,3,13,4,31%,30,4,25,1,4
CHI,4,1,1,0.5,23,3,0.8,16,0,0.0,25,0.5,2,2.8,30,8.5,32,3.2,27,8,5,62%,16,17,2,15,20
SF,4,1,1,0.5,23,3,0.8,16,0,0.0,25,0.2,7,7.8,1,10.5,20,5.2,15,10,4,40%,29,15,19,6,19
JAX,4,1,0,0.2,28,1,0.2,29,2,0.5,11,0.2,7,6.8,2,14.0,6,3.0,30,15,4,27%,31,28,20,10,15
MIN,4,1,0,0.2,28,3,0.8,16,0,0.0,25,0.0,18,3.2,28,10.8,19,2.8,32,11,2,18%,32,25,30,15,31
