Player,Team,Pos,Status,Injury,Last updated,Est. return,Note
Baker Mayfield,TB,QB,Out,Right Thumb Dislocated,2026-10-04,2026-10-25,inactive
Breece Hall,NYJ,RB,Out,Right Quadriceps,2026-10-04,2026-10-11,inactive
Caleb Williams,CHI,QB,Out,Right Hamstring Strain,2026-10-04,2026-10-11,inactive
Chris Moore,BAL,WR,Out,Ankle,2026-10-05,2026-10-11,inactive
DJ Moore,BUF,WR,Questionable,Shoulder,2026-10-05,2026-10-12,"Moore (shoulder) is dealing with an injury that isn't considered long-term, Adam Schefter of ESPN reports."
Dallas Goedert,PHI,TE,Out,Right Knee - MCL Sprain,2026-10-04,2026-10-11,inactive
DeVonta Smith,PHI,WR,Out,Hamstring,2026-10-04,2026-10-11,"Smith (hamstring), who has been ruled out for Sunday's game against the Rams, is viewed ""at very best, questionable"" for the Eagles' Week 5 game versus the Jagu"
Devin Singletary,NYG,RB,Out (inactive),Coach's Decision,2026-10-04,2026-10-11,"Singletary (coach's decision) is inactive for Sunday's game against the Cardinals, Dan Salomone of the Giants' official site reports."
Eli Raridon,NE,TE,Questionable,Ankle,2026-10-04,2026-10-11,Raridon (ankle) is questionable to return to Sunday's game against Buffalo.
Ja'Marr Chase,CIN,WR,Questionable,Concussion,2026-10-04,2026-10-11,Chase (concussion) has been ruled out for the rest of Sunday's game against the Jaguars.
Jack Bech,LV,WR,IR,Left Forearm Fracture,2026-09-29,2026-11-01,The Raiders placed Bech (forearm) on injured reserve Tuesday.
Jalen Coker,CAR,WR,Out,Quadriceps Strain,2026-10-04,2026-10-18,"Coker (quadriceps) is inactive for Sunday's game against the Lions, Darin Gantt of the Panthers' official site reports."
Jonah Coleman,DEN,RB,IR,Ankle Sprain,2026-09-26,2026-10-25,"Coleman (ankle) is being placed on injured reserve Saturday, Adam Schefter of ESPN reports."
Justin Jefferson,MIN,WR,Out,Left Ankle Sprain,2026-10-04,2026-10-11,inactive
Keenan Allen,IND,WR,Out,Groin,2026-10-03,2026-10-11,Allen (groin) has been downgraded to out for Sunday's game against Washington.
Kyle Juszczyk,SF,FB,Questionable,Knee,2026-10-04,2026-10-11,"Juszczyk (knee) has been ruled out for the remainder of Sunday's game against the Broncos, Eric Branch of the San Francisco Chronicle reports."
Kyle Monangai,CHI,RB,Questionable,Thumb,2026-10-04,2026-10-11,"Coach Ben Johnson said after Sunday's 23-12 win against the Jets that Monangai suffered a thumb injury during the contest, Kevin Fishbain of The Athletic report"
Ladd McConkey,LAC,WR,Questionable,Foot,2026-10-04,2026-10-11,McConkey won't return to Sunday's contest at Seattle due to a foot injury.
Lamar Jackson,BAL,QB,Questionable,Left Ankle,2026-10-04,2026-10-11,"Jackson (ankle) was seen wearing a walking boot on his left foot after Sunday's 24-18 victory against the Titans, Brian Wacker of The Baltimore Sun reports."
Noah Fant,NO,TE,Questionable,Abdomen,2026-10-03,2026-10-05,"Fant (abdomen) is listed as questionable for Monday's game against the Falcons, Matthew Paras of The New Orleans Times-Picayune reports."
Pat Bryant,DEN,WR,Questionable,Right Ankle,2026-10-04,2026-10-11,"Bryant (ankle) is questionable to return to Sunday's game against the 49ers, Chris Tomasson of The Denver Gazette reports."
Rachaad White,WSH,RB,Out,Shoulder,2026-10-04,2026-10-11,inactive
Rashee Rice,KC,WR,Questionable,Left Hamstring,2026-10-04,2026-10-18,Rice (hamstring) is doubtful to return to Sunday's contest in Las Vegas.
Tank Bigsby,PHI,RB,Questionable,Undisclosed,2026-10-04,2026-10-11,"Bigsby (undisclosed) left Sunday's game in the fourth quarter and went to the sideline tent, Jimmy Kempski of PhillyVoice.com reports."
Tee Higgins,CIN,WR,Questionable,Groin,2026-10-04,2026-10-11,"Higgins sustained an adductor issue during Sunday's 22-17 loss to the Jaguars, Ben Baby of ESPN.com reports."
Terrance Ferguson,LAR,TE,IR,Ankle Sprain,2026-10-02,2026-11-01,"Ferguson (ankle) is out for Sunday's game against Philadelphia, Nate Atkins of The Athletic reports."
Terry McLaurin,WSH,WR,Out,Hamstring,2026-10-04,2026-10-11,"Head coach Dan Quinn said McLaurin (hamstring) ""pushed to play"" before being deemed inactive for Sunday's game against the Colts in London, Tashan Reed of The W"
Tyquan Thornton,KC,WR,Out,Left Ankle Dislocated,2026-10-04,2026-10-18,Thornton exited Sunday's game against the Raiders due to a left ankle injury and will not return.
AJ Barner,SEA,TE,Active,,,,
Aaron Jones Sr.,MIN,RB,Active,,,,
Amon-Ra St. Brown,DET,WR,Active,,,,
Antonio Williams,WSH,WR,Active,,,,
Ashton Jeanty,LV,RB,Active,,,,
Austin Hooper,ATL,TE,Active,,,,
Ben Skowronek,PIT,WR,Active,,,,
Bhayshul Tuten,JAX,RB,Active,,,,
Bijan Robinson,ATL,RB,Active,,,,
Blake Whiteheart,CLE,TE,Active,,,,
Bo Nix,DEN,QB,Active,,,,
Braelon Allen,NYJ,RB,Active,,,,
Brenton Strange,JAX,TE,Active,,,,
Brian Robinson Jr.,ATL,RB,Active,,,,
Brian Thomas Jr.,JAX,WR,Active,,,,
Brock Bowers,LV,TE,Active,,2026-10-05,,Bowers (illness) caught six of 11 targets for 86 yards and a touchdown in Sunday's 30-27 loss to the Chiefs.
Brock Purdy,SF,QB,Active,,,,
Bryce Young,CAR,QB,Active,,,,
Bucky Irving,TB,RB,Active,,,,
Cam Skattebo,NYG,RB,Active,,,,
Cam Ward,TEN,QB,Active,,,,
Case Keenum,CHI,QB,Active,,,,
CeeDee Lamb,DAL,WR,Active,,,,
Chase Brown,CIN,RB,Active,,,,
Chris Olave,NO,WR,Active,,,,
Chris Rodriguez Jr.,JAX,RB,Active,,,,
Christian McCaffrey,SF,RB,Active,,,,
Christian Watson,GB,WR,Active,,,,
Chuba Hubbard,CAR,RB,Active,,,,
Cody White,LV,WR,Active,,,,
Cole Kmet,CHI,TE,Active,,,,
Cooper Kupp,SEA,WR,Active,,,,
D'Andre Swift,CHI,RB,Active,,,,
DK Metcalf,PIT,WR,Active,,,,
Dalton Kincaid,BUF,TE,Active,,,,
Daniel Jones,IND,QB,Active,,,,
Darius Cooper,PHI,WR,Active,,,,
Darnell Washington,PIT,TE,Active,,,,
Darren Waller,CAR,TE,Active,,,,
Davante Adams,LAR,WR,Active,,,,
David Montgomery,HOU,RB,Active,,,,
Dawson Knox,BUF,TE,Active,,,,
Deebo Samuel Sr.,SF,WR,Active,,,,
Demarcus Robinson,SF,WR,Active,,,,
Denzel Boston,CLE,WR,Active,,,,
Derrick Henry,BAL,RB,Active,,,,
Devaughn Vele,NO,WR,Active,,,,
Dontayvion Wicks,PHI,WR,Active,,2026-10-03,,"Wicks will operate as the top wide receiver against the Rams on Sunday due to the absence of DeVonta Smith (hamstring), Chris McPherson of the Eagles' official "
Drake London,ATL,WR,Active,,,,
Efton Chism III,NE,WR,Active,,,,
Elic Ayomanor,TEN,WR,Active,,,,
Elijah Higgins,ARI,TE,Active,,,,
Emanuel Wilson,SEA,RB,Active,,,,
Emeka Egbuka,TB,WR,Active,,,,
Eric Saubert,SEA,TE,Active,,,,
Evan Engram,DEN,TE,Active,,,,
Foster Moreau,HOU,TE,Active,,,,
Garrett Wilson,NYJ,WR,Active,,,,
George Kittle,SF,TE,Active,,,,
George Pickens,DAL,WR,Active,,,,
Harold Fannin Jr.,CLE,TE,Active,,,,
Ian Thomas,LV,TE,Active,,,,
Isaiah Likely,NYG,TE,Active,,,,
Isaiah Williams,NYJ,WR,Active,,,,
Jacoby Brissett,ARI,QB,Active,,,,
Jacory Croskey-Merritt,WSH,RB,Active,,,,
Jahdae Walker,CHI,WR,Active,,,,
Jahmyr Gibbs,DET,RB,Active,,,,
Jake Ferguson,DAL,TE,Active,,,,
Jakobi Meyers,JAX,WR,Active,,,,
Jaleel McLaughlin,CLE,RB,Active,,,,
Jalen Hurts,PHI,QB,Active,,,,
Jalen Royals,KC,WR,Active,,,,
James Cook III,BUF,RB,Active,,,,
Javonte Williams,DAL,RB,Active,,,,
Jaxon Smith-Njigba,SEA,WR,Active,,,,
Jaylen Waddle,DEN,WR,Active,,,,
Jeremiyah Love,ARI,RB,Active,,,,
Jeremy Ruckert,NYJ,TE,Active,,2026-10-02,,Ruckert (knee) was a full participant in Friday's practice.
Joe Burrow,CIN,QB,Active,,,,
John Metchie III,CAR,WR,Active,,,,
Jonathan Taylor,IND,RB,Active,,,,
Jordan Addison,MIN,WR,Active,,,,
Jordan Mason,MIN,RB,Active,,,,
Josh Allen,BUF,QB,Active,,,,
Josh Cameron,JAX,WR,Active,,,,
Joshua Palmer,BUF,WR,Active,,,,
Juwan Johnson,NO,TE,Active,,,,
KaVontae Turpin,DAL,WR,Active,,,,
Kalif Raymond,CHI,WR,Active,,,,
Keaton Mitchell,LAC,RB,Active,,,,
Kendre Miller,NO,RB,Active,,2026-10-03,,"Miller is in line for a larger offensive role for as long as Travis Etienne (hamstring) is on injured reserve, John DeShazler of the Saints' official site repor"
Kenneth Walker III,KC,RB,Active,,,,
Kenny Gainwell,TB,RB,Active,,,,
Kenyon Sadiq,NYJ,TE,Active,,2026-10-04,,Sadiq (back) didn't catch any of his four targets in Sunday's 23-12 loss to the Bears.
Keon Coleman,BUF,WR,Active,,,,
Kimani Vidal,LAC,RB,Active,,,,
Konata Mumpfield,LAR,WR,Active,,,,
Kyren Williams,LAR,RB,Active,,,,
Luther Burden III,CHI,WR,Active,,,,
Malachi Fields,NYG,WR,Active,,,,
Malik Nabers,NYG,WR,Active,,,,
Malik Willis,MIA,QB,Active,,,,
MarShawn Lloyd,GB,RB,Active,,,,
Mark Andrews,BAL,TE,Active,,,,
Marvin Harrison Jr.,ARI,WR,Active,,,,
Matthew Golden,GB,WR,Active,,,,
Matthew Hibner,BAL,TE,Active,,,,
Michael Mayer,LV,TE,Active,,,,
Michael Wilson,ARI,WR,Active,,,,
Mike Evans,SF,WR,Active,,,,
Mike Gesicki,CIN,TE,Active,,,,
Mike Washington Jr.,LV,RB,Active,,,,
Nate Adkins,DEN,TE,Active,,,,
Nico Collins,HOU,WR,Active,,,,
Ollie Gordon II,MIA,RB,Active,,,,
Omarion Hampton,LAC,RB,Active,,,,
Oronde Gadsden,LAC,TE,Active,,,,
Parker Washington,JAX,WR,Active,,,,
Pat Freiermuth,PIT,TE,Active,,,,
Patrick Mahomes,KC,QB,Active,,,,
Puka Nacua,LAR,WR,Active,,2026-10-04,,Nacua (hip) caught nine of 12 targets for 125 yards and added a two-yard rushing touchdown in Sunday's 24-20 win over the Eagles.
Quinshon Judkins,CLE,RB,Active,,,,
Rashid Shaheed,SEA,WR,Active,,,,
Rashod Bateman,BAL,WR,Active,,,,
Rhamondre Stevenson,NE,RB,Active,,,,
Roman Wilson,PIT,WR,Active,,,,
Romeo Doubs,NE,WR,Active,,,,
Ryan Miller,MIA,WR,Active,,,,
Sam LaPorta,DET,TE,Active,,,,
Sean Tucker,TB,RB,Active,,,,
Stefon Diggs,WSH,WR,Active,,,,
T.J. Hockenson,MIN,TE,Active,,,,
Ted Hurst III,TB,WR,Active,,,,
Tetairoa McMillan,CAR,WR,Active,,,,
Theo Johnson,NYG,TE,Active,,,,
Tony Pollard,TEN,RB,Active,,,,
Tory Horton,SEA,WR,Active,,,,
Travis Kelce,KC,TE,Active,,,,
Tre Tucker,LV,WR,Active,,,,
TreVeyon Henderson,NE,RB,Active,,,,
Trey McBride,ARI,TE,Active,,,,
Treylon Burks,WSH,WR,Active,,,,
Tucker Kraft,GB,TE,Active,,,,
Tyler Allgeier,ARI,RB,Active,,,,
Tyler Higbee,LAR,TE,Active,,,,
Tyler Shough,NO,QB,Active,,,,
Tyler Warren,IND,TE,Active,,,,
Wan'Dale Robinson,TEN,WR,Active,,,,
Woody Marks,HOU,RB,Active,,,,
Xavier Worthy,KC,WR,Active,,,,
Zay Flowers,BAL,WR,Active,,,,
