Player,Team,Pos,Wk1 RZ/i10,Wk2 RZ/i10,Wk3 RZ/i10,Wk4 RZ/i10,Wk5 RZ/i10,Wk6 RZ/i10,Wk7 RZ/i10,Wk8 RZ/i10,Wk9 RZ/i10,Wk10 RZ/i10,Wk11 RZ/i10,Wk12 RZ/i10,Wk13 RZ/i10,Wk14 RZ/i10,Wk15 RZ/i10,Wk16 RZ/i10,Wk17 RZ/i10,Wk18 RZ/i10,2026 RZ opps,2026 i10 opps,RZ opps/g 2026,i10 opps/g 2026,Team RZ share 2026,RZ opps/g 2025,i10 opps/g 2025
Jahmyr Gibbs,DET,RB,8/5,5/1,10/3,4/2,,,,,,,,,,,,,,,27,11,6.8,2.8,48%,3.8,1.5
Derrick Henry,BAL,RB,6/5,4/1,8/6,3/3,,,,,,,,,,,,,,,21,15,5.2,3.8,54%,3.6,2.2
Josh Allen,BUF,QB,1/1,3/2,3/2,2/1,,,,,,,,,,,,,,,9,6,2.2,1.5,23%,1.4,1.0
Kenneth Walker III,KC,RB,4/3,6/2,9/4,3/3,,,,,,,,,,,,,,,22,12,5.5,3.0,54%,2.2,0.6
Javonte Williams,DAL,RB,4/2,4/1,5/3,8/6,,,,,,,,,,,,,,,21,12,5.2,3.0,46%,3.9,1.9
Jonathan Taylor,IND,RB,5/4,5/2,3/0,4/2,,,,,,,,,,,,,,,17,8,4.2,2.0,47%,4.1,2.1
Jaxon Smith-Njigba,SEA,WR,3/2,3/1,3/2,1/0,,,,,,,,,,,,,,,10,5,2.5,1.2,23%,0.9,0.4
Bijan Robinson,ATL,RB,0/0,0/0,10/6,7/1,,,,,,,,,,,,,,,17,7,4.2,1.8,65%,2.8,1.2
Amon-Ra St. Brown,DET,WR,4/2,2/1,3/1,3/0,,,,,,,,,,,,,,,12,4,3.0,1.0,21%,2.1,1.2
Chuba Hubbard,CAR,RB,4/4,4/3,0/0,3/1,,,,,,,,,,,,,,,11,8,2.8,2.0,28%,1.4,0.5
Christian McCaffrey,SF,RB,2/1,6/4,3/1,4/3,,,,,,,,,,,,,,,15,9,3.8,2.2,36%,5.7,2.8
Kyren Williams,LAR,RB,4/3,3/2,2/0,6/4,,,,,,,,,,,,,,,15,9,3.8,2.2,44%,3.6,1.9
Christian Watson,GB,WR,1/1,2/1,3/2,1/0,,,,,,,,,,,,,,,7,4,1.8,1.0,16%,0.6,0.4
CeeDee Lamb,DAL,WR,2/1,1/1,0/0,3/1,,,,,,,,,,,,,,,6,3,1.5,0.8,13%,1.2,0.5
George Kittle,SF,TE,1/1,2/1,2/1,0/0,,,,,,,,,,,,,,,5,3,1.2,0.8,12%,1.2,0.5
James Cook III,BUF,RB,3/0,5/4,3/2,4/3,,,,,,,,,,,,,,,15,9,3.8,2.2,38%,3.4,1.5
Omarion Hampton,LAC,RB,2/1,2/1,6/3,3/2,,,,,,,,,,,,,,,13,7,3.2,1.8,38%,3.1,1.8
Deebo Samuel Sr.,SF,WR,3/2,0/0,0/0,2/2,,,,,,,,,,,,,,,5,4,1.2,1.0,12%,0.7,0.3
Mike Gesicki,CIN,TE,2/2,,0/0,1/0,,,,,,,,,,,,,,,3,2,1.0,0.7,11%,0.6,0.3
Brian Robinson Jr.,ATL,RB,0/0,0/0,1/1,5/3,,,,,,,,,,,,,,,6,4,1.5,1.0,23%,1.1,0.3
Kyle Monangai,CHI,RB,1/1,3/2,3/1,8/7,,,,,,,,,,,,,,,15,11,3.8,2.8,23%,2.2,1.1
Juwan Johnson,NO,TE,3/2,1/1,2/2,1/0,,,,,,,,,,,,,,,7,5,1.8,1.2,16%,0.5,0.1
Darius Cooper,PHI,WR,,1/1,,3/2,,,,,,,,,,,,,,,4,3,2.0,1.5,19%,0.0,0.0
Ja'Marr Chase,CIN,WR,1/0,1/0,2/1,0/0,,,,,,,,,,,,,,,4,1,1.0,0.2,13%,1.2,0.4
Stefon Diggs,WSH,WR,1/1,3/1,0/0,0/0,,,,,,,,,,,,,,,4,2,1.0,0.5,13%,0.7,0.4
Cody White,LV,WR,0/0,2/0,1/0,0/0,,,,,,,,,,,,,,,3,0,0.8,0.0,8%,0.0,0.0
Jake Ferguson,DAL,TE,1/1,2/1,0/0,0/0,,,,,,,,,,,,,,,3,2,0.8,0.5,7%,1.4,0.7
Nico Collins,HOU,WR,2/0,,,1/1,,,,,,,,,,,,,,,3,1,1.5,0.5,23%,1.3,0.7
Harold Fannin Jr.,CLE,TE,0/0,0/0,1/1,1/1,,,,,,,,,,,,,,,2,2,0.5,0.5,8%,0.7,0.2
Noah Fant,NO,TE,0/0,,2/1,,,,,,,,,,,,,,,,2,1,1.0,0.5,8%,0.3,0.2
Jeremiyah Love,ARI,RB,4/2,2/1,6/2,1/0,,,,,,,,,,,,,,,13,5,3.2,1.2,27%,n/a,n/a
Bhayshul Tuten,JAX,RB,0/0,2/1,4/1,3/1,,,,,,,,,,,,,,,9,3,2.2,0.8,29%,1.8,0.6
Sam LaPorta,DET,TE,2/2,2/1,1/1,4/3,,,,,,,,,,,,,,,9,7,2.2,1.8,16%,0.7,0.3
Trey McBride,ARI,TE,4/2,2/2,2/2,1/1,,,,,,,,,,,,,,,9,7,2.2,1.8,19%,1.8,0.5
Chris Rodriguez Jr.,JAX,RB,1/1,1/1,3/1,1/0,,,,,,,,,,,,,,,6,3,1.5,0.8,19%,2.8,1.8
Devaughn Vele,NO,WR,1/1,1/1,1/0,3/2,,,,,,,,,,,,,,,6,4,1.5,1.0,14%,0.3,0.3
Ollie Gordon II,MIA,RB,,1/0,3/1,2/0,,,,,,,,,,,,,,,6,1,2.0,0.3,32%,1.3,0.8
Woody Marks,HOU,RB,0/0,3/0,2/2,1/1,,,,,,,,,,,,,,,6,3,1.5,0.8,23%,2.5,1.1
Matthew Golden,GB,WR,3/1,0/0,1/0,1/1,,,,,,,,,,,,,,,5,2,1.2,0.5,12%,0.3,0.0
Mike Evans,SF,WR,2/1,0/0,0/0,2/1,,,,,,,,,,,,,,,4,2,1.0,0.5,10%,1.1,0.6
Parker Washington,JAX,WR,0/0,0/0,3/2,1/1,,,,,,,,,,,,,,,4,3,1.0,0.8,13%,0.9,0.3
Zay Flowers,BAL,WR,0/0,,2/1,2/0,,,,,,,,,,,,,,,4,1,1.3,0.3,12%,0.6,0.2
Brock Bowers,LV,TE,,,3/2,0/0,,,,,,,,,,,,,,,3,2,1.5,1.0,20%,1.2,0.6
Jakobi Meyers,JAX,WR,0/0,0/0,2/1,1/1,,,,,,,,,,,,,,,3,2,0.8,0.5,10%,1.1,0.4
Tyler Warren,IND,TE,1/1,2/1,0/0,0/0,,,,,,,,,,,,,,,3,2,0.8,0.5,8%,1.4,0.8
Wan'Dale Robinson,TEN,WR,0/0,0/0,3/2,0/0,,,,,,,,,,,,,,,3,2,0.8,0.5,8%,0.8,0.3
Denzel Boston,CLE,WR,1/1,1/0,0/0,0/0,,,,,,,,,,,,,,,2,1,0.5,0.2,8%,n/a,n/a
Josh Cameron,JAX,WR,1/1,,1/0,0/0,,,,,,,,,,,,,,,2,1,0.7,0.3,8%,n/a,n/a
Nate Adkins,DEN,TE,,1/1,1/1,,,,,,,,,,,,,,,,2,2,1.0,1.0,9%,0.2,0.0
Pat Freiermuth,PIT,TE,2/1,0/0,0/0,0/0,,,,,,,,,,,,,,,2,1,0.5,0.2,9%,0.6,0.3
Roman Wilson,PIT,WR,0/0,0/0,0/0,2/0,,,,,,,,,,,,,,,2,0,0.5,0.0,9%,0.1,0.1
Travis Kelce,KC,TE,0/0,1/0,1/0,0/0,,,,,,,,,,,,,,,2,0,0.5,0.0,5%,0.7,0.4
Garrett Wilson,NYJ,WR,0/0,1/1,0/0,0/0,,,,,,,,,,,,,,,1,1,0.2,0.2,4%,0.4,0.0
Kenyon Sadiq,NYJ,TE,1/1,0/0,0/0,0/0,,,,,,,,,,,,,,,1,1,0.2,0.2,4%,n/a,n/a
Treylon Burks,WSH,WR,,0/0,1/0,0/0,,,,,,,,,,,,,,,1,0,0.3,0.0,5%,0.5,0.5
Joshua Palmer,BUF,WR,0/0,0/0,,0/0,,,,,,,,,,,,,,,0,0,0.0,0.0,0%,0.5,0.2
D'Andre Swift,CHI,RB,6/4,3/2,6/5,5/3,,,,,,,,,,,,,,,20,14,5.0,3.5,31%,2.5,1.4
David Montgomery,HOU,RB,6/5,1/0,1/0,1/1,,,,,,,,,,,,,,,9,6,2.2,1.5,35%,1.9,1.2
Ashton Jeanty,LV,RB,7/0,5/3,6/3,2/0,,,,,,,,,,,,,,,20,6,5.0,1.5,56%,2.5,1.1
Emanuel Wilson,SEA,RB,0/0,8/5,2/2,3/2,,,,,,,,,,,,,,,13,9,3.2,2.2,30%,1.6,0.6
Alvin Kamara,NO,RB,,2/0,1/0,3/2,,,,,,,,,,,,,,,6,2,2.0,0.7,19%,1.8,0.7
Cam Ward,TEN,QB,0/0,4/4,0/0,2/0,,,,,,,,,,,,,,,6,4,1.5,1.0,16%,0.5,0.4
Isaiah Likely,NYG,TE,4/1,0/0,0/0,2/0,,,,,,,,,,,,,,,6,1,1.5,0.2,21%,0.6,0.3
Tetairoa McMillan,CAR,WR,1/0,3/3,1/1,1/1,,,,,,,,,,,,,,,6,5,1.5,1.2,15%,0.8,0.4
Jalen Coker,CAR,WR,1/1,4/3,0/0,,,,,,,,,,,,,,,,5,4,1.7,1.3,16%,0.3,0.2
Caleb Williams,CHI,QB,3/3,1/0,,,,,,,,,,,,,,,,,4,3,2.0,1.5,16%,0.4,0.2
Darren Waller,CAR,TE,0/0,2/1,0/0,2/0,,,,,,,,,,,,,,,4,1,1.0,0.2,10%,0.6,0.5
Davante Adams,LAR,WR,0/0,1/0,1/0,2/0,,,,,,,,,,,,,,,4,0,1.0,0.0,12%,2.2,1.6
Romeo Doubs,NE,WR,0/0,0/0,1/0,3/1,,,,,,,,,,,,,,,4,1,1.0,0.2,24%,0.9,0.4
Justin Jefferson,MIN,WR,2/1,1/0,0/0,,,,,,,,,,,,,,,,3,1,1.0,0.3,23%,1.0,0.6
Dallas Goedert,PHI,TE,2/0,0/0,,,,,,,,,,,,,,,,,2,0,1.0,0.0,13%,1.0,0.6
Tyquan Thornton,KC,WR,0/0,0/0,0/0,2/2,,,,,,,,,,,,,,,2,2,0.5,0.5,5%,0.4,0.2
Tony Pollard,TEN,RB,0/0,5/3,2/1,8/7,,,,,,,,,,,,,,,15,11,3.8,2.8,41%,1.1,0.6
MarShawn Lloyd,GB,RB,2/1,3/2,3/1,4/3,,,,,,,,,,,,,,,12,7,3.0,1.8,28%,n/a,n/a
Quinshon Judkins,CLE,RB,2/1,1/0,4/1,5/4,,,,,,,,,,,,,,,12,6,3.0,1.5,50%,1.9,0.9
Cam Skattebo,NYG,RB,4/2,1/1,3/1,2/0,,,,,,,,,,,,,,,10,4,2.5,1.0,36%,3.4,1.6
Bucky Irving,TB,RB,2/1,3/0,2/0,2/0,,,,,,,,,,,,,,,9,1,2.2,0.2,29%,2.0,0.6
Michael Wilson,ARI,WR,0/0,0/0,5/2,4/3,,,,,,,,,,,,,,,9,5,2.2,1.2,19%,0.9,0.2
Braelon Allen,NYJ,RB,1/0,2/1,3/0,2/0,,,,,,,,,,,,,,,8,1,2.0,0.2,35%,2.0,1.2
Breece Hall,NYJ,RB,4/2,1/0,3/2,,,,,,,,,,,,,,,,8,4,2.7,1.3,40%,2.0,0.8
Chase Brown,CIN,RB,6/3,1/0,0/0,1/0,,,,,,,,,,,,,,,8,3,2.0,0.8,27%,2.8,1.4
Tyler Allgeier,ARI,RB,4/1,0/0,2/1,2/1,,,,,,,,,,,,,,,8,3,2.0,0.8,17%,1.9,1.1
Aaron Jones Sr.,MIN,RB,3/0,0/0,0/0,4/0,,,,,,,,,,,,,,,7,0,1.8,0.0,35%,1.6,0.5
Jacory Croskey-Merritt,WSH,RB,1/1,1/0,3/1,2/1,,,,,,,,,,,,,,,7,3,1.8,0.8,23%,1.9,1.2
Luther Burden III,CHI,WR,0/0,2/0,5/2,0/0,,,,,,,,,,,,,,,7,2,1.8,0.5,11%,0.2,0.0
Jalen Hurts,PHI,QB,0/0,1/1,2/2,3/1,,,,,,,,,,,,,,,6,4,1.5,1.0,17%,1.6,0.9
Rachaad White,WSH,RB,2/0,2/2,2/1,,,,,,,,,,,,,,,,6,3,2.0,1.0,21%,1.6,0.5
AJ Barner,SEA,TE,0/0,0/0,4/2,1/0,,,,,,,,,,,,,,,5,2,1.2,0.5,11%,0.8,0.4
Baker Mayfield,TB,QB,3/1,2/0,0/0,,,,,,,,,,,,,,,,5,1,1.7,0.3,22%,0.3,0.1
Chris Olave,NO,WR,1/0,0/0,3/2,1/0,,,,,,,,,,,,,,,5,2,1.2,0.5,12%,0.8,0.2
Elic Ayomanor,TEN,WR,2/0,1/1,2/1,0/0,,,,,,,,,,,,,,,5,2,1.2,0.5,14%,0.5,0.4
Joe Burrow,CIN,QB,3/0,0/0,0/0,2/1,,,,,,,,,,,,,,,5,1,1.2,0.2,17%,0.3,0.2
T.J. Hockenson,MIN,TE,2/0,0/0,0/0,3/1,,,,,,,,,,,,,,,5,1,1.2,0.2,25%,0.7,0.2
Tank Bigsby,PHI,RB,1/0,2/1,0/0,2/2,,,,,,,,,,,,,,,5,3,1.2,0.8,14%,1.6,0.7
Tyler Shough,NO,QB,1/0,4/2,0/0,0/0,,,,,,,,,,,,,,,5,2,1.2,0.5,12%,1.0,0.7
Jacoby Brissett,ARI,QB,0/0,1/1,2/2,1/0,,,,,,,,,,,,,,,4,3,1.0,0.8,8%,0.4,0.4
Jordan Mason,MIN,RB,4/2,,,,,,,,,,,,,,,,,,4,2,4.0,2.0,33%,1.8,0.5
Kalif Raymond,CHI,WR,1/0,1/1,1/0,1/0,,,,,,,,,,,,,,,4,1,1.0,0.2,6%,0.2,0.1
Keaton Mitchell,LAC,RB,2/1,0/0,2/1,0/0,,,,,,,,,,,,,,,4,2,1.0,0.5,12%,1.2,0.2
Kenny Gainwell,TB,RB,0/0,2/0,1/1,1/1,,,,,,,,,,,,,,,4,2,1.0,0.5,13%,2.2,1.2
Lamar Jackson,BAL,QB,1/1,0/0,3/0,0/0,,,,,,,,,,,,,,,4,1,1.0,0.2,10%,1.0,0.5
Mike Washington Jr.,LV,RB,1/1,1/0,0/0,2/0,,,,,,,,,,,,,,,4,1,1.0,0.2,11%,n/a,n/a
Rashee Rice,KC,WR,1/0,1/0,2/0,,,,,,,,,,,,,,,,4,0,1.3,0.0,11%,2.2,1.8
Tucker Kraft,GB,TE,0/0,0/0,1/0,3/2,,,,,,,,,,,,,,,4,2,1.0,0.5,9%,1.5,0.4
Xavier Worthy,KC,WR,1/0,3/2,0/0,0/0,,,,,,,,,,,,,,,4,2,1.0,0.5,10%,0.4,0.1
Bo Nix,DEN,QB,1/0,0/0,2/2,0/0,,,,,,,,,,,,,,,3,2,0.8,0.5,12%,0.8,0.3
Brock Purdy,SF,QB,0/0,1/1,0/0,2/1,,,,,,,,,,,,,,,3,2,0.8,0.5,7%,0.8,0.3
Bryce Young,CAR,QB,2/1,1/0,,0/0,,,,,,,,,,,,,,,3,1,1.0,0.3,8%,0.5,0.3
DJ Moore,BUF,WR,0/0,0/0,2/1,1/0,,,,,,,,,,,,,,,3,1,0.8,0.2,8%,0.8,0.4
Daniel Jones,IND,QB,0/0,1/0,1/0,1/1,,,,,,,,,,,,,,,3,1,0.8,0.2,8%,1.2,0.8
Devin Singletary,NYG,RB,3/1,0/0,,,,,,,,,,,,,,,,,3,1,1.5,0.5,19%,1.4,1.0
Dontayvion Wicks,PHI,WR,0/0,1/0,2/2,0/0,,,,,,,,,,,,,,,3,2,0.8,0.5,9%,0.3,0.1
Emeka Egbuka,TB,WR,0/0,2/1,0/0,1/1,,,,,,,,,,,,,,,3,2,0.8,0.5,10%,0.7,0.2
Jonah Coleman,DEN,RB,,3/2,,,,,,,,,,,,,,,,,3,2,3.0,2.0,27%,n/a,n/a
KaVontae Turpin,DAL,WR,0/0,1/0,2/1,,,,,,,,,,,,,,,,3,1,1.0,0.3,9%,0.3,0.1
Keenan Allen,IND,WR,1/1,0/0,2/2,,,,,,,,,,,,,,,,3,3,1.0,1.0,11%,0.9,0.4
Kendre Miller,NO,RB,2/2,,0/0,1/0,,,,,,,,,,,,,,,3,2,1.0,0.7,9%,0.7,0.3
Malik Nabers,NYG,WR,1/0,1/0,1/1,0/0,,,,,,,,,,,,,,,3,1,0.8,0.2,11%,1.0,0.8
Mark Andrews,BAL,TE,1/0,0/0,0/0,2/1,,,,,,,,,,,,,,,3,1,0.8,0.2,8%,0.8,0.5
Oronde Gadsden,LAC,TE,0/0,1/1,1/0,1/0,,,,,,,,,,,,,,,3,1,0.8,0.2,9%,1.0,0.3
Sean Tucker,TB,RB,,,,3/1,,,,,,,,,,,,,,,3,1,3.0,1.0,38%,1.6,1.0
Brenton Strange,JAX,TE,1/0,1/1,0/0,0/0,,,,,,,,,,,,,,,2,1,0.5,0.2,6%,0.8,0.2
Darnell Washington,PIT,TE,0/0,0/0,0/0,2/0,,,,,,,,,,,,,,,2,0,0.5,0.0,9%,0.6,0.3
Dawson Knox,BUF,TE,0/0,1/1,0/0,1/0,,,,,,,,,,,,,,,2,1,0.5,0.2,5%,0.8,0.4
DeVonta Smith,PHI,WR,0/0,1/1,1/1,,,,,,,,,,,,,,,,2,2,0.7,0.7,8%,0.6,0.1
Demarcus Robinson,SF,WR,2/1,0/0,,,,,,,,,,,,,,,,,2,1,1.0,0.5,9%,0.2,0.1
Eli Raridon,NE,TE,1/1,0/0,,1/1,,,,,,,,,,,,,,,2,2,0.7,0.7,22%,n/a,n/a
Foster Moreau,HOU,TE,0/0,0/0,2/1,0/0,,,,,,,,,,,,,,,2,1,0.5,0.2,8%,0.1,0.0
Jack Bech,LV,WR,2/0,0/0,,,,,,,,,,,,,,,,,2,0,1.0,0.0,10%,0.3,0.1
Keon Coleman,BUF,WR,0/0,1/0,0/0,1/1,,,,,,,,,,,,,,,2,1,0.5,0.2,5%,0.7,0.4
Kimani Vidal,LAC,RB,,,1/0,1/1,,,,,,,,,,,,,,,2,1,1.0,0.5,10%,2.7,1.2
Kyle Juszczyk,SF,FB,,1/1,1/0,0/0,,,,,,,,,,,,,,,2,1,0.7,0.3,6%,0.4,0.3
Ladd McConkey,LAC,WR,2/2,0/0,0/0,0/0,,,,,,,,,,,,,,,2,2,0.5,0.5,6%,0.9,0.4
Marvin Harrison Jr.,ARI,WR,0/0,0/0,0/0,2/1,,,,,,,,,,,,,,,2,1,0.5,0.2,4%,0.8,0.4
Michael Mayer,LV,TE,1/0,0/0,1/1,0/0,,,,,,,,,,,,,,,2,1,0.5,0.2,6%,0.5,0.2
Patrick Mahomes,KC,QB,2/1,0/0,0/0,0/0,,,,,,,,,,,,,,,2,1,0.5,0.2,5%,1.0,0.4
Puka Nacua,LAR,WR,1/1,,,1/1,,,,,,,,,,,,,,,2,2,1.0,1.0,11%,1.1,0.7
Rashid Shaheed,SEA,WR,0/0,1/0,0/0,1/0,,,,,,,,,,,,,,,2,0,0.5,0.0,5%,0.6,0.1
Rashod Bateman,BAL,WR,0/0,1/0,1/1,0/0,,,,,,,,,,,,,,,2,1,0.5,0.2,5%,0.7,0.2
Rhamondre Stevenson,NE,RB,0/0,0/0,1/1,1/1,,,,,,,,,,,,,,,2,2,0.5,0.5,12%,2.0,1.0
Ted Hurst III,TB,WR,0/0,2/0,0/0,0/0,,,,,,,,,,,,,,,2,0,0.5,0.0,6%,n/a,n/a
Tee Higgins,CIN,WR,0/0,0/0,1/0,1/0,,,,,,,,,,,,,,,2,0,0.5,0.0,7%,1.0,0.5
Terry McLaurin,WSH,WR,1/1,1/1,0/0,,,,,,,,,,,,,,,,2,2,0.7,0.7,7%,0.7,0.2
TreVeyon Henderson,NE,RB,,0/0,1/0,1/1,,,,,,,,,,,,,,,2,1,0.7,0.3,13%,1.9,1.2
Tyler Higbee,LAR,TE,0/0,,2/1,0/0,,,,,,,,,,,,,,,2,1,0.7,0.3,7%,0.9,0.4
Antonio Williams,WSH,WR,1/0,0/0,0/0,0/0,,,,,,,,,,,,,,,1,0,0.2,0.0,3%,n/a,n/a
Austin Hooper,ATL,TE,,0/0,1/1,0/0,,,,,,,,,,,,,,,1,1,0.3,0.3,4%,0.4,0.2
Ben Skowronek,PIT,WR,,0/0,0/0,1/0,,,,,,,,,,,,,,,1,0,0.3,0.0,6%,0.2,0.0
Blake Whiteheart,CLE,TE,0/0,1/0,,,,,,,,,,,,,,,,,1,0,0.5,0.0,10%,0.0,0.0
Brian Thomas Jr.,JAX,WR,0/0,0/0,0/0,1/1,,,,,,,,,,,,,,,1,1,0.2,0.2,3%,0.5,0.4
Case Keenum,CHI,QB,,,1/1,,,,,,,,,,,,,,,,1,1,1.0,1.0,5%,n/a,n/a
Chris Moore,BAL,WR,0/0,0/0,1/1,,,,,,,,,,,,,,,,1,1,0.3,0.3,3%,0.2,0.0
Cooper Kupp,SEA,WR,0/0,0/0,1/1,0/0,,,,,,,,,,,,,,,1,1,0.2,0.2,2%,0.8,0.2
DK Metcalf,PIT,WR,0/0,0/0,1/1,0/0,,,,,,,,,,,,,,,1,1,0.2,0.2,4%,0.9,0.5
Dalton Kincaid,BUF,TE,0/0,1/0,0/0,0/0,,,,,,,,,,,,,,,1,0,0.2,0.0,3%,0.6,0.2
Efton Chism III,NE,WR,,0/0,1/1,0/0,,,,,,,,,,,,,,,1,1,0.3,0.3,7%,0.5,0.5
Elijah Higgins,ARI,TE,,,0/0,1/1,,,,,,,,,,,,,,,1,1,0.5,0.5,3%,0.3,0.2
Eric Saubert,SEA,TE,,1/0,0/0,,,,,,,,,,,,,,,,1,0,0.5,0.0,3%,0.8,0.0
Evan Engram,DEN,TE,1/0,0/0,0/0,0/0,,,,,,,,,,,,,,,1,0,0.2,0.0,4%,0.6,0.0
Isaiah Williams,NYJ,WR,0/0,1/0,0/0,0/0,,,,,,,,,,,,,,,1,0,0.2,0.0,4%,0.1,0.0
Jahdae Walker,CHI,WR,1/1,,,,,,,,,,,,,,,,,,1,1,1.0,1.0,8%,0.7,0.7
Jalen Royals,KC,WR,,1/1,0/0,0/0,,,,,,,,,,,,,,,1,1,0.3,0.3,3%,0.0,0.0
Jaylen Waddle,DEN,WR,0/0,1/0,0/0,0/0,,,,,,,,,,,,,,,1,0,0.2,0.0,4%,0.7,0.3
Jeremy Ruckert,NYJ,TE,0/0,1/0,0/0,,,,,,,,,,,,,,,,1,0,0.3,0.0,5%,0.2,0.2
Jordan Addison,MIN,WR,1/0,0/0,0/0,0/0,,,,,,,,,,,,,,,1,0,0.2,0.0,5%,0.9,0.4
Konata Mumpfield,LAR,WR,0/0,0/0,1/0,0/0,,,,,,,,,,,,,,,1,0,0.2,0.0,3%,0.4,0.1
Malik Willis,MIA,QB,1/0,0/0,0/0,0/0,,,,,,,,,,,,,,,1,0,0.2,0.0,4%,1.2,0.8
Matthew Hibner,BAL,TE,0/0,,1/1,0/0,,,,,,,,,,,,,,,1,1,0.3,0.3,3%,n/a,n/a
Terrance Ferguson,LAR,TE,0/0,1/1,0/0,,,,,,,,,,,,,,,,1,1,0.3,0.3,4%,0.4,0.3
Tory Horton,SEA,WR,,,0/0,1/1,,,,,,,,,,,,,,,1,1,0.5,0.5,6%,0.6,0.4
Tre Tucker,LV,WR,1/1,0/0,0/0,0/0,,,,,,,,,,,,,,,1,1,0.2,0.2,3%,0.6,0.2
Cole Kmet,CHI,TE,0/0,0/0,0/0,0/0,,,,,,,,,,,,,,,0,0,0.0,0.0,0%,0.4,0.1
Ian Thomas,LV,TE,,0/0,,0/0,,,,,,,,,,,,,,,0,0,0.0,0.0,0%,0.0,0.0
Jahan Dotson,ATL,WR,0/0,0/0,0/0,0/0,,,,,,,,,,,,,,,0,0,0.0,0.0,0%,0.4,0.0
Jaleel McLaughlin,CLE,RB,,0/0,,0/0,,,,,,,,,,,,,,,0,0,0.0,0.0,0%,0.6,0.2
John Metchie III,CAR,WR,,,0/0,0/0,,,,,,,,,,,,,,,0,0,0.0,0.0,0%,0.4,0.2
Malachi Fields,NYG,WR,0/0,0/0,0/0,0/0,,,,,,,,,,,,,,,0,0,0.0,0.0,0%,n/a,n/a
Pat Bryant,DEN,WR,0/0,0/0,0/0,0/0,,,,,,,,,,,,,,,0,0,0.0,0.0,0%,0.7,0.3
Ryan Miller,MIA,WR,,0/0,0/0,,,,,,,,,,,,,,,,0,0,0.0,0.0,0%,0.2,0.0
Theo Johnson,NYG,TE,0/0,0/0,,0/0,,,,,,,,,,,,,,,0,0,0.0,0.0,0%,0.9,0.3
George Pickens,DAL,WR,0/0,1/1,2/2,0/0,,,,,,,,,,,,,,,3,3,0.8,0.8,7%,1.3,0.5
Drake London,ATL,WR,0/0,0/0,0/0,0/0,,,,,,,,,,,,,,,0,0,0.0,0.0,0%,1.2,0.7
