Player,Team,Pos,Wk1,Wk2,Wk3,Wk4,Wk5,Wk6,Wk7,Wk8,Wk9,Wk10,Wk11,Wk12,Wk13,Wk14,Wk15,Wk16,Wk17,Wk18,Games played,Games w/ TD,2026 hit %,2025 hit %,2025 games w/ TD,Total TDs 2026,Total TDs 2025,Max in one game (25+26)
Jahmyr Gibbs,DET,RB,2,1,3,1,,,,,,,,,,,,,,,4,4,100,59,10/17,7,18,3
Derrick Henry,BAL,RB,3,1,2,1,,,,,,,,,,,,,,,4,4,100,53,9/17,7,16,4
Josh Allen,BUF,QB,2,2,2,1,,,,,,,,,,,,,,,4,4,100,50,8/16,7,14,3
Kenneth Walker III,KC,RB,2,0,2,2,,,,,,,,,,,,,,,4,3,75,24,4/17,6,5,2
Javonte Williams,DAL,RB,2,0,1,3,,,,,,,,,,,,,,,4,3,75,62,10/16,6,13,3
Jonathan Taylor,IND,RB,2,2,0,2,,,,,,,,,,,,,,,4,3,75,59,10/17,6,20,3
Jaxon Smith-Njigba,SEA,WR,1,3,2,0,,,,,,,,,,,,,,,4,3,75,47,8/17,6,10,3
Bijan Robinson,ATL,RB,1,0,2,2,,,,,,,,,,,,,,,4,3,75,53,9/17,5,11,2
Amon-Ra St. Brown,DET,WR,2,2,1,0,,,,,,,,,,,,,,,4,3,75,41,7/17,5,11,3
Chuba Hubbard,CAR,RB,2,1,0,2,,,,,,,,,,,,,,,4,3,75,27,4/15,5,4,2
Christian McCaffrey,SF,RB,0,2,1,1,,,,,,,,,,,,,,,4,3,75,71,12/17,4,17,3
Kyren Williams,LAR,RB,1,1,0,2,,,,,,,,,,,,,,,4,3,75,59,10/17,4,13,2
Christian Watson,GB,WR,2,1,1,0,,,,,,,,,,,,,,,4,3,75,40,4/10,4,6,2
CeeDee Lamb,DAL,WR,1,2,0,1,,,,,,,,,,,,,,,4,3,75,23,3/13,4,3,2
George Kittle,SF,TE,0,1,2,1,,,,,,,,,,,,,,,4,3,75,55,6/11,4,7,2
James Cook III,BUF,RB,0,1,1,1,,,,,,,,,,,,,,,4,3,75,53,9/17,3,14,3
Omarion Hampton,LAC,RB,1,1,0,1,,,,,,,,,,,,,,,4,3,75,56,5/9,3,5,1
Deebo Samuel Sr.,SF,WR,1,0,1,1,,,,,,,,,,,,,,,4,3,75,38,6/16,3,6,1
Mike Gesicki,CIN,TE,1,,1,1,,,,,,,,,,,,,,,3,3,100,17,2/12,3,2,1
Brian Robinson Jr.,ATL,RB,0,0,1,3,,,,,,,,,,,,,,,4,2,50,12,2/16,4,2,3
Kyle Monangai,CHI,RB,1,0,0,2,,,,,,,,,,,,,,,4,2,50,29,5/17,3,5,2
Juwan Johnson,NO,TE,1,0,2,0,,,,,,,,,,,,,,,4,2,50,18,3/17,3,3,2
Darius Cooper,PHI,WR,,1,,2,,,,,,,,,,,,,,,2,2,100,0,0/5,3,0,2
Ja'Marr Chase,CIN,WR,0,2,1,0,,,,,,,,,,,,,,,4,2,50,38,6/16,3,8,2
Stefon Diggs,WSH,WR,1,2,0,0,,,,,,,,,,,,,,,4,2,50,24,4/17,3,4,2
Cody White,LV,WR,0,2,1,0,,,,,,,,,,,,,,,4,2,50,33,1/3,3,1,2
Jake Ferguson,DAL,TE,0,2,1,0,,,,,,,,,,,,,,,4,2,50,35,6/17,3,8,2
Nico Collins,HOU,WR,1,,,2,,,,,,,,,,,,,,,2,2,100,40,6/15,3,7,2
Harold Fannin Jr.,CLE,TE,0,0,2,1,,,,,,,,,,,,,,,4,2,50,38,6/16,3,7,2
Noah Fant,NO,TE,1,,2,,,,,,,,,,,,,,,,2,2,100,23,3/13,3,3,2
Jeremiyah Love,ARI,RB,1,0,1,0,,,,,,,,,,,,,,,4,2,50,n/a,n/a,2,n/a,1
Bhayshul Tuten,JAX,RB,0,1,1,0,,,,,,,,,,,,,,,4,2,50,47,7/15,2,7,1
Sam LaPorta,DET,TE,0,1,0,1,,,,,,,,,,,,,,,4,2,50,33,3/9,2,3,1
Trey McBride,ARI,TE,1,1,0,0,,,,,,,,,,,,,,,4,2,50,53,9/17,2,11,2
Chris Rodriguez Jr.,JAX,RB,0,0,1,1,,,,,,,,,,,,,,,4,2,50,50,6/12,2,6,1
Devaughn Vele,NO,WR,1,0,0,1,,,,,,,,,,,,,,,4,2,50,22,2/9,2,2,1
Ollie Gordon II,MIA,RB,,0,1,1,,,,,,,,,,,,,,,3,2,67,25,4/16,2,4,1
Woody Marks,HOU,RB,0,0,1,1,,,,,,,,,,,,,,,4,2,50,25,4/16,2,5,2
Matthew Golden,GB,WR,0,0,1,1,,,,,,,,,,,,,,,4,2,50,0,0/14,2,0,1
Mike Evans,SF,WR,1,0,1,0,,,,,,,,,,,,,,,4,2,50,38,3/8,2,3,1
Parker Washington,JAX,WR,1,0,1,0,,,,,,,,,,,,,,,4,2,50,33,5/15,2,5,1
Zay Flowers,BAL,WR,1,,0,1,,,,,,,,,,,,,,,3,2,67,29,5/17,2,6,2
Brock Bowers,LV,TE,,,1,1,,,,,,,,,,,,,,,2,2,100,33,4/12,2,7,3
Jakobi Meyers,JAX,WR,1,0,1,0,,,,,,,,,,,,,,,4,2,50,19,3/16,2,3,1
Tyler Warren,IND,TE,1,1,0,0,,,,,,,,,,,,,,,4,2,50,29,5/17,2,5,1
Wan'Dale Robinson,TEN,WR,0,0,1,1,,,,,,,,,,,,,,,4,2,50,25,4/16,2,4,1
Denzel Boston,CLE,WR,1,1,0,0,,,,,,,,,,,,,,,4,2,50,n/a,n/a,2,n/a,1
Josh Cameron,JAX,WR,1,,1,0,,,,,,,,,,,,,,,3,2,67,n/a,n/a,2,n/a,1
Nate Adkins,DEN,TE,,1,1,,,,,,,,,,,,,,,,2,2,100,17,1/6,2,1,1
Pat Freiermuth,PIT,TE,1,0,0,1,,,,,,,,,,,,,,,4,2,50,20,3/15,2,4,2
Roman Wilson,PIT,WR,0,0,1,1,,,,,,,,,,,,,,,4,2,50,22,2/9,2,2,1
Travis Kelce,KC,TE,0,1,1,0,,,,,,,,,,,,,,,4,2,50,29,5/17,2,5,1
Garrett Wilson,NYJ,WR,0,1,1,0,,,,,,,,,,,,,,,4,2,50,57,4/7,2,4,1
Kenyon Sadiq,NYJ,TE,1,0,1,0,,,,,,,,,,,,,,,4,2,50,n/a,n/a,2,n/a,1
Treylon Burks,WSH,WR,,0,1,1,,,,,,,,,,,,,,,3,2,67,12,1/8,2,1,1
Joshua Palmer,BUF,WR,1,1,,0,,,,,,,,,,,,,,,3,2,67,0,0/12,2,0,1
D'Andre Swift,CHI,RB,3,0,0,0,,,,,,,,,,,,,,,4,1,25,50,8/16,3,10,3
David Montgomery,HOU,RB,3,0,0,0,,,,,,,,,,,,,,,4,1,25,41,7/17,3,8,3
Ashton Jeanty,LV,RB,2,0,0,0,,,,,,,,,,,,,,,4,1,25,41,7/17,2,10,3
Emanuel Wilson,SEA,RB,0,0,0,2,,,,,,,,,,,,,,,4,1,25,12,2/16,2,3,2
Alvin Kamara,NO,RB,,0,0,2,,,,,,,,,,,,,,,3,1,33,9,1/11,2,1,2
Cam Ward,TEN,QB,0,2,0,0,,,,,,,,,,,,,,,4,1,25,14,2/14,2,2,2
Isaiah Likely,NYG,TE,2,0,0,0,,,,,,,,,,,,,,,4,1,25,9,1/11,2,1,2
Tetairoa McMillan,CAR,WR,0,0,0,2,,,,,,,,,,,,,,,4,1,25,29,5/17,2,7,2
Jalen Coker,CAR,WR,2,0,0,,,,,,,,,,,,,,,,3,1,33,27,3/11,2,3,2
Caleb Williams,CHI,QB,2,0,,,,,,,,,,,,,,,,,2,1,50,24,4/17,2,4,2
Darren Waller,CAR,TE,0,2,0,0,,,,,,,,,,,,,,,4,1,25,50,4/8,2,6,2
Davante Adams,LAR,WR,0,2,0,0,,,,,,,,,,,,,,,4,1,25,64,9/14,2,14,3
Romeo Doubs,NE,WR,0,0,0,2,,,,,,,,,,,,,,,4,1,25,25,4/16,2,6,3
Justin Jefferson,MIN,WR,2,0,0,,,,,,,,,,,,,,,,3,1,33,12,2/17,2,2,2
Dallas Goedert,PHI,TE,2,0,,,,,,,,,,,,,,,,,2,1,50,53,8/15,2,11,2
Tyquan Thornton,KC,WR,0,0,0,2,,,,,,,,,,,,,,,4,1,25,27,3/11,2,3,2
Tony Pollard,TEN,RB,0,0,0,1,,,,,,,,,,,,,,,4,1,25,24,4/17,1,5,2
MarShawn Lloyd,GB,RB,0,1,0,0,,,,,,,,,,,,,,,4,1,25,n/a,n/a,1,n/a,1
Quinshon Judkins,CLE,RB,0,0,0,1,,,,,,,,,,,,,,,4,1,25,29,4/14,1,7,3
Cam Skattebo,NYG,RB,1,0,0,0,,,,,,,,,,,,,,,4,1,25,62,5/8,1,7,3
Bucky Irving,TB,RB,1,0,0,0,,,,,,,,,,,,,,,4,1,25,40,4/10,1,4,1
Michael Wilson,ARI,WR,0,0,1,0,,,,,,,,,,,,,,,4,1,25,35,6/17,1,7,2
Braelon Allen,NYJ,RB,0,1,0,0,,,,,,,,,,,,,,,4,1,25,25,1/4,1,1,1
Breece Hall,NYJ,RB,1,0,0,,,,,,,,,,,,,,,,3,1,33,25,4/16,1,5,2
Chase Brown,CIN,RB,1,0,0,0,,,,,,,,,,,,,,,4,1,25,35,6/17,1,11,3
Tyler Allgeier,ARI,RB,0,0,0,1,,,,,,,,,,,,,,,4,1,25,41,7/17,1,8,2
Aaron Jones Sr.,MIN,RB,1,0,0,0,,,,,,,,,,,,,,,4,1,25,25,3/12,1,3,1
Jacory Croskey-Merritt,WSH,RB,1,0,0,0,,,,,,,,,,,,,,,4,1,25,35,6/17,1,8,2
Luther Burden III,CHI,WR,0,0,1,0,,,,,,,,,,,,,,,4,1,25,13,2/15,1,2,1
Jalen Hurts,PHI,QB,0,0,1,0,,,,,,,,,,,,,,,4,1,25,38,6/16,1,8,2
Rachaad White,WSH,RB,0,0,1,,,,,,,,,,,,,,,,3,1,33,18,3/17,1,4,2
AJ Barner,SEA,TE,0,1,0,0,,,,,,,,,,,,,,,4,1,25,35,6/17,1,7,2
Baker Mayfield,TB,QB,1,0,0,,,,,,,,,,,,,,,,3,1,33,7,1/14,1,1,1
Chris Olave,NO,WR,0,1,0,0,,,,,,,,,,,,,,,4,1,25,44,7/16,1,9,2
Elic Ayomanor,TEN,WR,1,0,0,0,,,,,,,,,,,,,,,4,1,25,25,4/16,1,4,1
Joe Burrow,CIN,QB,0,0,0,1,,,,,,,,,,,,,,,4,1,25,0,0/6,1,0,1
T.J. Hockenson,MIN,TE,1,0,0,0,,,,,,,,,,,,,,,4,1,25,20,3/15,1,3,1
Tank Bigsby,PHI,RB,0,1,0,0,,,,,,,,,,,,,,,4,1,25,18,2/11,1,2,1
Tyler Shough,NO,QB,0,1,0,0,,,,,,,,,,,,,,,4,1,25,20,2/10,1,3,2
Jacoby Brissett,ARI,QB,0,0,1,0,,,,,,,,,,,,,,,4,1,25,8,1/12,1,1,1
Jordan Mason,MIN,RB,1,,,,,,,,,,,,,,,,,,1,1,100,31,5/16,1,6,2
Kalif Raymond,CHI,WR,0,0,1,0,,,,,,,,,,,,,,,4,1,25,8,1/12,1,1,1
Keaton Mitchell,LAC,RB,0,0,1,0,,,,,,,,,,,,,,,4,1,25,8,1/12,1,1,1
Kenny Gainwell,TB,RB,0,0,0,1,,,,,,,,,,,,,,,4,1,25,35,6/17,1,8,2
Lamar Jackson,BAL,QB,1,0,0,0,,,,,,,,,,,,,,,4,1,25,15,2/13,1,2,1
Mike Washington Jr.,LV,RB,0,0,1,0,,,,,,,,,,,,,,,4,1,25,n/a,n/a,1,n/a,1
Rashee Rice,KC,WR,1,0,0,,,,,,,,,,,,,,,,3,1,33,50,4/8,1,6,2
Tucker Kraft,GB,TE,0,0,0,1,,,,,,,,,,,,,,,4,1,25,62,5/8,1,6,2
Xavier Worthy,KC,WR,0,1,0,0,,,,,,,,,,,,,,,4,1,25,7,1/14,1,1,1
Bo Nix,DEN,QB,0,0,1,0,,,,,,,,,,,,,,,4,1,25,24,4/17,1,5,2
Brock Purdy,SF,QB,0,1,0,0,,,,,,,,,,,,,,,4,1,25,22,2/9,1,3,2
Bryce Young,CAR,QB,1,0,,0,,,,,,,,,,,,,,,3,1,33,12,2/16,1,2,1
DJ Moore,BUF,WR,1,0,0,0,,,,,,,,,,,,,,,4,1,25,29,5/17,1,7,2
Daniel Jones,IND,QB,0,0,0,1,,,,,,,,,,,,,,,4,1,25,31,4/13,1,5,2
Devin Singletary,NYG,RB,1,0,,,,,,,,,,,,,,,,,2,1,50,24,4/17,1,5,2
Dontayvion Wicks,PHI,WR,1,0,0,0,,,,,,,,,,,,,,,4,1,25,8,1/13,1,2,2
Emeka Egbuka,TB,WR,0,1,0,0,,,,,,,,,,,,,,,4,1,25,29,5/17,1,6,2
Jonah Coleman,DEN,RB,,1,,,,,,,,,,,,,,,,,1,1,100,n/a,n/a,1,n/a,1
KaVontae Turpin,DAL,WR,0,0,1,,,,,,,,,,,,,,,,3,1,33,13,2/15,1,2,1
Keenan Allen,IND,WR,0,0,1,,,,,,,,,,,,,,,,3,1,33,24,4/17,1,4,1
Kendre Miller,NO,RB,1,,0,0,,,,,,,,,,,,,,,3,1,33,14,1/7,1,1,1
Malik Nabers,NYG,WR,0,0,0,1,,,,,,,,,,,,,,,4,1,25,25,1/4,1,2,2
Mark Andrews,BAL,TE,0,0,0,1,,,,,,,,,,,,,,,4,1,25,24,4/17,1,6,2
Oronde Gadsden,LAC,TE,0,1,0,0,,,,,,,,,,,,,,,4,1,25,20,3/15,1,3,1
Sean Tucker,TB,RB,,,,1,,,,,,,,,,,,,,,1,1,100,43,6/14,1,8,3
Brenton Strange,JAX,TE,1,0,0,0,,,,,,,,,,,,,,,4,1,25,25,3/12,1,3,1
Darnell Washington,PIT,TE,0,0,0,1,,,,,,,,,,,,,,,4,1,25,8,1/13,1,1,1
Dawson Knox,BUF,TE,0,1,0,0,,,,,,,,,,,,,,,4,1,25,19,3/16,1,4,2
DeVonta Smith,PHI,WR,0,1,0,,,,,,,,,,,,,,,,3,1,33,24,4/17,1,4,1
Demarcus Robinson,SF,WR,1,0,,,,,,,,,,,,,,,,,2,1,50,7,1/14,1,1,1
Eli Raridon,NE,TE,1,0,,0,,,,,,,,,,,,,,,3,1,33,n/a,n/a,1,n/a,1
Foster Moreau,HOU,TE,0,0,1,0,,,,,,,,,,,,,,,4,1,25,0,0/7,1,0,1
Jack Bech,LV,WR,1,0,,,,,,,,,,,,,,,,,2,1,50,0,0/12,1,0,1
Keon Coleman,BUF,WR,0,0,0,1,,,,,,,,,,,,,,,4,1,25,33,4/12,1,4,1
Kimani Vidal,LAC,RB,,,0,1,,,,,,,,,,,,,,,2,1,50,33,4/12,1,4,1
Kyle Juszczyk,SF,FB,,1,0,0,,,,,,,,,,,,,,,3,1,33,13,2/15,1,2,1
Ladd McConkey,LAC,WR,1,0,0,0,,,,,,,,,,,,,,,4,1,25,38,6/16,1,6,1
Marvin Harrison Jr.,ARI,WR,0,0,0,1,,,,,,,,,,,,,,,4,1,25,33,4/12,1,4,1
Michael Mayer,LV,TE,0,0,1,0,,,,,,,,,,,,,,,4,1,25,8,1/12,1,1,1
Patrick Mahomes,KC,QB,1,0,0,0,,,,,,,,,,,,,,,4,1,25,36,5/14,1,5,1
Puka Nacua,LAR,WR,0,,,1,,,,,,,,,,,,,,,2,1,50,56,9/16,1,11,2
Rashid Shaheed,SEA,WR,0,0,0,1,,,,,,,,,,,,,,,4,1,25,11,2/18,1,2,1
Rashod Bateman,BAL,WR,0,1,0,0,,,,,,,,,,,,,,,4,1,25,15,2/13,1,2,1
Rhamondre Stevenson,NE,RB,0,0,0,1,,,,,,,,,,,,,,,4,1,25,36,5/14,1,9,3
Ted Hurst III,TB,WR,0,0,1,0,,,,,,,,,,,,,,,4,1,25,n/a,n/a,1,n/a,1
Tee Higgins,CIN,WR,0,0,1,0,,,,,,,,,,,,,,,4,1,25,60,9/15,1,11,2
Terry McLaurin,WSH,WR,0,0,1,,,,,,,,,,,,,,,,3,1,33,30,3/10,1,3,1
TreVeyon Henderson,NE,RB,,1,0,0,,,,,,,,,,,,,,,3,1,33,29,5/17,1,10,3
Tyler Higbee,LAR,TE,0,,1,0,,,,,,,,,,,,,,,3,1,33,33,3/9,1,3,1
Antonio Williams,WSH,WR,1,0,0,0,,,,,,,,,,,,,,,4,1,25,n/a,n/a,1,n/a,1
Austin Hooper,ATL,TE,,0,1,0,,,,,,,,,,,,,,,3,1,33,15,2/13,1,2,1
Ben Skowronek,PIT,WR,,0,1,0,,,,,,,,,,,,,,,3,1,33,17,1/6,1,1,1
Blake Whiteheart,CLE,TE,0,1,,,,,,,,,,,,,,,,,2,1,50,0,0/6,1,0,1
Brian Thomas Jr.,JAX,WR,0,0,0,1,,,,,,,,,,,,,,,4,1,25,21,3/14,1,3,1
Case Keenum,CHI,QB,,,1,,,,,,,,,,,,,,,,1,1,100,n/a,n/a,1,n/a,1
Chris Moore,BAL,WR,0,0,1,,,,,,,,,,,,,,,,3,1,33,12,1/8,1,1,1
Cooper Kupp,SEA,WR,0,0,1,0,,,,,,,,,,,,,,,4,1,25,12,2/16,1,2,1
DK Metcalf,PIT,WR,0,0,1,0,,,,,,,,,,,,,,,4,1,25,47,7/15,1,7,1
Dalton Kincaid,BUF,TE,0,1,0,0,,,,,,,,,,,,,,,4,1,25,42,5/12,1,5,1
Efton Chism III,NE,WR,,0,0,1,,,,,,,,,,,,,,,3,1,33,50,1/2,1,1,1
Elijah Higgins,ARI,TE,,,0,1,,,,,,,,,,,,,,,2,1,50,0,0/15,1,0,1
Eric Saubert,SEA,TE,,0,1,,,,,,,,,,,,,,,,2,1,50,0,0/4,1,0,1
Evan Engram,DEN,TE,1,0,0,0,,,,,,,,,,,,,,,4,1,25,6,1/16,1,1,1
Isaiah Williams,NYJ,WR,0,0,0,1,,,,,,,,,,,,,,,4,1,25,0,0/9,1,0,1
Jahdae Walker,CHI,WR,1,,,,,,,,,,,,,,,,,,1,1,100,67,2/3,1,2,1
Jalen Royals,KC,WR,,1,0,0,,,,,,,,,,,,,,,3,1,33,0,0/1,1,0,1
Jaylen Waddle,DEN,WR,0,0,0,1,,,,,,,,,,,,,,,4,1,25,38,6/16,1,6,1
Jeremy Ruckert,NYJ,TE,0,0,1,,,,,,,,,,,,,,,,3,1,33,8,1/13,1,1,1
Jordan Addison,MIN,WR,0,0,1,0,,,,,,,,,,,,,,,4,1,25,29,4/14,1,4,1
Konata Mumpfield,LAR,WR,0,0,1,0,,,,,,,,,,,,,,,4,1,25,11,1/9,1,1,1
Malik Willis,MIA,QB,1,0,0,0,,,,,,,,,,,,,,,4,1,25,25,1/4,1,2,2
Matthew Hibner,BAL,TE,0,,1,0,,,,,,,,,,,,,,,3,1,33,n/a,n/a,1,n/a,1
Terrance Ferguson,LAR,TE,0,1,0,,,,,,,,,,,,,,,,3,1,33,27,3/11,1,3,1
Tory Horton,SEA,WR,,,0,1,,,,,,,,,,,,,,,2,1,50,57,4/7,1,5,2
Tre Tucker,LV,WR,0,1,0,0,,,,,,,,,,,,,,,4,1,25,18,3/17,1,5,3
Cole Kmet,CHI,TE,1,0,0,0,,,,,,,,,,,,,,,4,1,25,12,2/16,1,2,1
Ian Thomas,LV,TE,,0,,1,,,,,,,,,,,,,,,2,1,50,0,0/7,1,0,1
Jahan Dotson,ATL,WR,0,0,0,1,,,,,,,,,,,,,,,4,1,25,7,1/14,1,1,1
Jaleel McLaughlin,CLE,RB,,0,,1,,,,,,,,,,,,,,,2,1,50,12,1/8,1,1,1
John Metchie III,CAR,WR,,,1,0,,,,,,,,,,,,,,,2,1,50,17,2/12,1,2,1
Malachi Fields,NYG,WR,0,0,0,1,,,,,,,,,,,,,,,4,1,25,n/a,n/a,1,n/a,1
Pat Bryant,DEN,WR,0,0,1,0,,,,,,,,,,,,,,,4,1,25,8,1/12,1,1,1
Ryan Miller,MIA,WR,,1,0,,,,,,,,,,,,,,,,2,1,50,25,1/4,1,1,1
Theo Johnson,NYG,TE,0,0,,1,,,,,,,,,,,,,,,3,1,33,27,4/15,1,5,2
George Pickens,DAL,WR,0,0,0,0,,,,,,,,,,,,,,,4,0,0,47,8/17,0,9,2
Drake London,ATL,WR,0,0,0,0,,,,,,,,,,,,,,,4,0,0,42,5/12,0,7,3
