Player,Team,Pos,Week 5 game,Opponent,Opp rank vs pos (2026),Opp rank vs pos (2025),Opp RZ TD% rank,Hit % 25+26,2026 games w/ TD,RZ opps/g 2026,Injury status,Verdict,Why
Christian McCaffrey,SF,RB,SF @ SEA (Sun 4:25 PM ET),SEA,15,31,4,71%,3/4,3.8,Active,Play,"71% hit rate, opp #15 softest"
Derrick Henry,BAL,RB,BAL @ ATL (Sun 8:20 PM ET),ATL,15,22,22,62%,4/4,5.2,Active,Play,"62% hit rate, opp #15 softest"
Jonathan Taylor,IND,RB,IND @ PIT (Sun 1:00 PM ET),PIT,8,31,17,62%,3/4,4.2,Active,Play,"62% hit rate, opp #8 softest"
Kyren Williams,LAR,RB,BUF @ LAR (Mon 8:15 PM ET),BUF,4,3,6,62%,3/4,3.8,Active,Play,"62% hit rate, opp #4 softest"
Omarion Hampton,LAC,RB,DEN @ LAC (Sun 4:05 PM ET),DEN,8,17,28,62%,3/4,3.2,Active,Play,"62% hit rate, opp #8 softest"
Josh Allen,BUF,QB,BUF @ LAR (Mon 8:15 PM ET),LAR,7,26,19,60%,4/4,2.2,Active,Play,"60% hit rate, opp #7 softest"
George Kittle,SF,TE,SF @ SEA (Sun 4:25 PM ET),SEA,11,15,4,60%,3/4,1.2,Active,Play,"60% hit rate, opp #11 softest"
Bijan Robinson,ATL,RB,BAL @ ATL (Sun 8:20 PM ET),BAL,8,13,20,57%,3/4,4.2,Active,Play,"57% hit rate, opp #8 softest"
Puka Nacua,LAR,WR,BUF @ LAR (Mon 8:15 PM ET),BUF,2,23,6,56%,1/2,1.0,Active,Play,"56% hit rate, opp #2 softest"
Jahmyr Gibbs,DET,RB,DET @ ARI (Sun 4:25 PM ET),ARI,23,2,10,67%,4/4,6.8,Active,Small stake,"67% hit rate, tough opp (#23)"
Javonte Williams,DAL,RB,TB @ DAL (Thu 8:15 PM ET),TB,28,17,25,67%,4/5,4.6,Active,Small stake,"67% hit rate, tough opp (#28)"
Josh Cameron,JAX,WR,PHI VS JAX (Sun 9:30 AM ET),PHI,7,31,18,67%,2/3,0.7,Active,Small stake,"67% hit rate, opp #7 softest; small sample"
James Cook III,BUF,RB,BUF @ LAR (Mon 8:15 PM ET),LAR,31,30,19,57%,3/4,3.8,Active,Small stake,"57% hit rate, tough opp (#31)"
Davante Adams,LAR,WR,BUF @ LAR (Mon 8:15 PM ET),BUF,2,23,6,56%,1/4,1.0,Active,Small stake,"56% hit rate, opp #2 softest; cold in 2026 (1/4)"
Garrett Wilson,NYJ,WR,CLE @ NYJ (Sun 1:00 PM ET),CLE,2,8,26,55%,2/4,0.2,Active,Small stake,"55% hit rate, soft opp (#2)"
Trey McBride,ARI,TE,DET @ ARI (Sun 4:25 PM ET),DET,1,10,3,52%,2/4,2.2,Active,Small stake,"52% hit rate, soft opp (#1)"
Kenyon Sadiq,NYJ,TE,CLE @ NYJ (Sun 1:00 PM ET),CLE,7,25,26,50%,2/4,0.2,Active,Small stake,"50% hit rate, soft opp (#7); small sample"
Amon-Ra St. Brown,DET,WR,DET @ ARI (Sun 4:25 PM ET),ARI,1,20,10,48%,3/4,3.0,Active,Small stake,"48% hit rate, soft opp (#1)"
Jaxon Smith-Njigba,SEA,WR,SF @ SEA (Sun 4:25 PM ET),SF,17,19,29,52%,3/4,2.5,Active,Skip,"52% hit rate, opp #17"
Christian Watson,GB,WR,CHI @ GB (Sun 1:00 PM ET),CHI,17,2,16,50%,3/4,1.8,Active,Skip,"50% hit rate, opp #17"
Jeremiyah Love,ARI,RB,DET @ ARI (Sun 4:25 PM ET),DET,8,22,3,50%,2/4,3.2,Questionable,Skip,"50% hit rate, soft opp (#8); questionable, check Sat/Sun; small sample"
Chris Rodriguez Jr.,JAX,RB,PHI VS JAX (Sun 9:30 AM ET),PHI,15,10,18,50%,2/4,1.5,Active,Skip,"50% hit rate, opp #15"
Denzel Boston,CLE,WR,CLE @ NYJ (Sun 1:00 PM ET),NYJ,17,13,22,50%,2/4,0.5,Active,Skip,"50% hit rate, opp #17; small sample"
Bhayshul Tuten,JAX,RB,PHI VS JAX (Sun 9:30 AM ET),PHI,15,10,18,47%,2/4,2.2,Active,Skip,"47% hit rate, opp #15"
Nico Collins,HOU,WR,HOU @ TEN (Sun 1:00 PM ET),TEN,17,5,10,47%,2/2,1.5,Active,Skip,"47% hit rate, opp #17"
Deebo Samuel Sr.,SF,WR,SF @ SEA (Sun 4:25 PM ET),SEA,26,23,4,45%,3/4,1.2,Active,Skip,"45% hit rate, opp #26"
Cody White,LV,WR,LV @ NE (Sun 1:00 PM ET),NE,7,6,14,43%,2/4,0.8,Questionable,Skip,"43% hit rate, opp #7; questionable, check Sat/Sun; small sample"
Brock Bowers,LV,TE,LV @ NE (Sun 1:00 PM ET),NE,25,15,14,43%,2/2,1.5,Active,Skip,"43% hit rate, opp #25"
Mike Evans,SF,WR,SF @ SEA (Sun 4:25 PM ET),SEA,26,23,4,42%,2/4,1.0,Questionable,Skip,"42% hit rate, opp #26; questionable, check Sat/Sun"
Bucky Irving,TB,RB,TB @ DAL (Thu 8:15 PM ET),DAL,6,4,9,40%,2/5,3.4,Active,Skip,"40% hit rate, opp #6"
Ja'Marr Chase,CIN,WR,CIN @ MIA (Sun 1:00 PM ET),MIA,29,8,13,40%,2/4,1.0,Questionable,Skip,"40% hit rate, opp #29; questionable, check Sat/Sun"
Harold Fannin Jr.,CLE,TE,CLE @ NYJ (Sun 1:00 PM ET),NYJ,25,6,22,40%,2/4,0.5,Active,Skip,"40% hit rate, opp #25"
Sam LaPorta,DET,TE,DET @ ARI (Sun 4:25 PM ET),ARI,4,4,10,38%,2/4,2.2,Active,Skip,"38% hit rate, opp #4"
Nate Adkins,DEN,TE,DEN @ LAC (Sun 4:05 PM ET),LAC,22,15,22,38%,2/2,1.0,Active,Skip,"38% hit rate, opp #22"
Chuba Hubbard,CAR,RB,BYE,-,-,n/a,-,37%,3/4,2.8,Active,Skip,Bye week
Parker Washington,JAX,WR,PHI VS JAX (Sun 9:30 AM ET),PHI,7,31,18,37%,2/4,1.0,Active,Skip,"37% hit rate, opp #7"
Jake Ferguson,DAL,TE,TB @ DAL (Thu 8:15 PM ET),TB,9,3,25,36%,2/5,0.6,Active,Skip,"36% hit rate, opp #9"
Zay Flowers,BAL,WR,BAL @ ATL (Sun 8:20 PM ET),ATL,17,4,22,35%,2/3,1.3,Questionable,Skip,"35% hit rate, opp #17; questionable, check Sat/Sun"
Kenneth Walker III,KC,RB,BYE,-,-,n/a,-,33%,3/4,5.5,Active,Skip,Bye week
CeeDee Lamb,DAL,WR,TB @ DAL (Thu 8:15 PM ET),TB,16,20,25,33%,3/5,1.2,Questionable,Skip,"33% hit rate, opp #16; questionable, check Sat/Sun"
Mike Gesicki,CIN,TE,CIN @ MIA (Sun 1:00 PM ET),MIA,11,8,13,33%,3/3,1.0,Active,Skip,"33% hit rate, opp #11"
Kyle Monangai,CHI,RB,CHI @ GB (Sun 1:00 PM ET),GB,2,22,1,33%,2/4,3.8,Questionable,Skip,"33% hit rate, opp #2; questionable, check Sat/Sun"
Noah Fant,NO,TE,MIN @ NO (Sun 1:00 PM ET),MIN,25,15,32,33%,2/2,1.0,Questionable,Skip,"33% hit rate, opp #25; questionable, check Sat/Sun"
Tyler Warren,IND,TE,IND @ PIT (Sun 1:00 PM ET),PIT,11,4,17,33%,2/4,0.8,Active,Skip,"33% hit rate, opp #11"
Travis Kelce,KC,TE,BYE,-,-,n/a,-,33%,2/4,0.5,Active,Skip,Bye week
Emeka Egbuka,TB,WR,TB @ DAL (Thu 8:15 PM ET),DAL,13,1,9,32%,2/5,1.2,Active,Skip,"32% hit rate, opp #13"
Ollie Gordon II,MIA,RB,CIN @ MIA (Sun 1:00 PM ET),CIN,23,4,30,32%,2/3,2.0,Active,Skip,"32% hit rate, opp #23"
Devaughn Vele,NO,WR,MIN @ NO (Sun 1:00 PM ET),MIN,17,30,32,31%,2/4,1.5,Active,Skip,"31% hit rate, opp #17"
Roman Wilson,PIT,WR,IND @ PIT (Sun 1:00 PM ET),IND,14,13,20,31%,2/4,0.5,Active,Skip,"31% hit rate, opp #14"
Woody Marks,HOU,RB,HOU @ TEN (Sun 1:00 PM ET),TEN,15,4,10,30%,2/4,1.5,Active,Skip,"30% hit rate, opp #15"
Wan'Dale Robinson,TEN,WR,HOU @ TEN (Sun 1:00 PM ET),HOU,2,27,14,30%,2/4,0.8,Active,Skip,"30% hit rate, opp #2"
Darius Cooper,PHI,WR,PHI VS JAX (Sun 9:30 AM ET),JAX,29,20,31,29%,2/2,2.0,Active,Skip,"29% hit rate, opp #29; small sample"
Stefon Diggs,WSH,WR,NYG @ WSH (Sun 1:00 PM ET),NYG,7,8,8,29%,2/4,1.0,Questionable,Skip,"29% hit rate, opp #7; questionable, check Sat/Sun"
Treylon Burks,WSH,WR,NYG @ WSH (Sun 1:00 PM ET),NYG,7,8,8,27%,2/3,0.3,Active,Skip,"27% hit rate, opp #7"
Pat Freiermuth,PIT,TE,IND @ PIT (Sun 1:00 PM ET),IND,11,15,20,26%,2/4,0.5,Active,Skip,"26% hit rate, opp #11"
Jakobi Meyers,JAX,WR,PHI VS JAX (Sun 9:30 AM ET),PHI,7,31,18,25%,2/4,0.8,Active,Skip,"25% hit rate, opp #7"
Juwan Johnson,NO,TE,MIN @ NO (Sun 1:00 PM ET),MIN,25,15,32,24%,2/4,1.8,Active,Skip,"24% hit rate, opp #25"
Brian Robinson Jr.,ATL,RB,BAL @ ATL (Sun 8:20 PM ET),BAL,8,13,20,20%,2/4,1.5,Active,Skip,"20% hit rate, opp #8"
Joshua Palmer,BUF,WR,BUF @ LAR (Mon 8:15 PM ET),LAR,2,13,19,13%,2/3,0.0,Active,Skip,"13% hit rate, opp #2"
Matthew Golden,GB,WR,CHI @ GB (Sun 1:00 PM ET),CHI,17,2,16,11%,2/4,1.2,Active,Skip,"11% hit rate, opp #17"
