"NHL props: goals, first goal, SOG (as of 10/9)",,,,,,,,,,,,,,,,
Legend,"26 = 2026-27 season so far, 25 = 2025-26 season. Hit% = games with a goal / games played. Blend = both seasons, each 26-27 game counts as many 25-26 games as the weight in B3. Sample: 65 2026-27 games played so far (2-4 per team), so 25-26 drives most numbers until about November. Nothing here is guaranteed. Small stakes.",,,,,,,,,,,,,,,
26-27 game weight,3,Input. Change it and the Blend columns update.,,,,,,,,,,,,,,
,,,,,,,,,,,,,,,,
Tonight 10/9: shortlist (not guaranteed),,,,,,,,,,,,,,,,
Bet,Player,Game,Why,Look for,,,,,,,,,,,,
Anytime goal,Kyle Connor,WPG vs ANA,"Scored in 45% of games (blend); 26-27: 5 G in 4 GP; ANA allows 3.5 GA/G; faces Lukas Dostal (unconfirmed, SV .887)",Anytime goal,,,,,,,,,,,,
Anytime goal,Cutter Gauthier,ANA @ WPG,"Scored in 42% of games (blend); 26-27: 2 G in 3 GP; WPG allows 3.0 GA/G; faces Stuart Skinner (unconfirmed, SV .890)",Anytime goal,,,,,,,,,,,,
Anytime goal,Alex DeBrincat,DET vs SEA,"Scored in 41% of games (blend); 26-27: 2 G in 3 GP; SEA allows 3.1 GA/G; faces Joey Daccord (unconfirmed, SV .898)",Anytime goal,,,,,,,,,,,,
Anytime goal,Dylan Larkin,DET vs SEA,"Scored in 40% of games (blend); 26-27: 1 G in 1 GP; SEA allows 3.1 GA/G; faces Joey Daccord (unconfirmed, SV .898)",Anytime goal,,,,,,,,,,,,
First goal,Alex Tuch,WSH vs NYR,"Scored first in 5/79 games in 25-26, 1/3 in 26-27; 0.48 goals/G (blend); WSH scores first 62%; Top 6 PP2",First goal (long odds),,,,,,,,,,,,
First goal,Mark Scheifele,WPG vs ANA,"Scored first in 5/82 games in 25-26, 0/4 in 26-27; 0.38 goals/G (blend); WPG scores first 53%; Top 6 PP1",First goal (long odds),,,,,,,,,,,,
First goal,Bryan Rust,PIT @ CBJ,"Scored first in 3/72 games in 25-26, 0/1 in 26-27; 0.43 goals/G (blend); PIT scores first 56%; Top 6 PP2",First goal (long odds),,,,,,,,,,,,
SOG over 1.5,Alex DeBrincat,DET vs SEA,Over 1.5 in 84% of games (blend); 3.4 SOG/G; L5: 3 4 1 1 6; SEA allows 29.3 SA/G,Over 1.5 SOG,,,,,,,,,,,,
SOG over 2.5,Cutter Gauthier,ANA @ WPG,Over 2.5 in 71% of games (blend); 3.9 SOG/G; L5: 7 4 5 6 4; WPG allows 28.4 SA/G,Over 2.5 SOG,,,,,,,,,,,,
SOG over 1.5,Kyle Connor,WPG vs ANA,Over 1.5 in 87% of games (blend); 3.7 SOG/G; L5: 4 6 5 9 7; ANA allows 28.2 SA/G,Over 1.5 SOG,,,,,,,,,,,,
SOG over 1.5,Zach Werenski,CBJ vs PIT,Over 1.5 in 86% of games (blend); 3.4 SOG/G; L5: 1 3 3 8 4; PIT allows 27.3 SA/G,Over 1.5 SOG,,,,,,,,,,,,
SOG over 1.5,Alex Ovechkin,WSH vs NYR,Over 1.5 in 82% of games (blend); 2.8 SOG/G; L5: 2 0 1 4 3; NYR allows 28.0 SA/G,Over 1.5 SOG,,,,,,,,,,,,
How picked,"Goal = blended goal hit% x opponent GA/G x goalie SV%. First goal = blended goals per game x team scores-first rate (first-goal counts are too small to rank on). SOG = highest line with a 70%+ blended hit rate, then rate x opponent shots allowed. Players with no 2026-27 game or listed Out/IR are skipped. Recheck lines and goalies before puck drop.",,,,,,,,,,,,,,,
,,,,,,,,,,,,,,,,
"Tonight: probable goalies and key injuries (Daily Faceoff, ESPN)",,,,,,,,,,,,,,,,
Game (ET),Away goalie,Home goalie,Out / IR (ESPN),,,,,,,,,,,,,
SEA @ DET 7:00,Joey Daccord (Unconfirmed),John Gibson (Confirmed),"SEA: Ryan Lindgren; DET: Mason Appleton, J.T. Compher, Marco Kasper",,,,,,,,,,,,,
NYR @ WSH 7:00,Igor Shesterkin (Unconfirmed),Logan Thompson (Unconfirmed),none of note,,,,,,,,,,,,,
PIT @ CBJ 7:00,Arturs Silovs (Unconfirmed),Jet Greaves (Unconfirmed),"PIT: Justin Brazeau, Andrei Kuzmenko",,,,,,,,,,,,,
ANA @ WPG 8:00,Lukas Dostal (Unconfirmed),Stuart Skinner (Unconfirmed),"ANA: Drew Helleson, Ian Moore",,,,,,,,,,,,,
,,,,,,,,,,,,,,,,
"Anytime goal (top 34 forwards by blended goal hit%, plus top 6 D by shots)",,,,,,,,,,,,,,,,
Player,Tm,Pos,Role,GP 26,G 26,Games w/ G 26,Hit% 26,GP 25,G 25,Games w/ G 25,Hit% 25,Blend hit%,PPG 26,PPG 25,SOG/G,Injury
Nathan MacKinnon,COL,C,Top 6 PP1,4,3,2,"=IF(E30=0,""-"",G30/E30)",80,53,39,"=IF(I30=0,""-"",K30/I30)","=IF($B$3*E30+I30=0,""-"",($B$3*G30+K30)/($B$3*E30+I30))",1,11,4.29,
Kirill Kaprizov,MIN,L,Top 6 PP1,4,3,2,"=IF(E31=0,""-"",G31/E31)",78,45,37,"=IF(I31=0,""-"",K31/I31)","=IF($B$3*E31+I31=0,""-"",($B$3*G31+K31)/($B$3*E31+I31))",1,19,3.29,
Jason Robertson,DAL,L,Top 6 PP1,4,2,2,"=IF(E32=0,""-"",G32/E32)",82,45,37,"=IF(I32=0,""-"",K32/I32)","=IF($B$3*E32+I32=0,""-"",($B$3*G32+K32)/($B$3*E32+I32))",0,15,3.48,
Connor McDavid,EDM,C,Top 6 PP1,4,3,3,"=IF(E33=0,""-"",G33/E33)",82,48,34,"=IF(I33=0,""-"",K33/I33)","=IF($B$3*E33+I33=0,""-"",($B$3*G33+K33)/($B$3*E33+I33))",0,13,3.51,
Kyle Connor,WPG,L,Top 6 PP1,4,5,3,"=IF(E34=0,""-"",G34/E34)",82,39,33,"=IF(I34=0,""-"",K34/I34)","=IF($B$3*E34+I34=0,""-"",($B$3*G34+K34)/($B$3*E34+I34))",3,5,3.68,
Leon Draisaitl,EDM,C,Top 6 PP1,4,3,2,"=IF(E35=0,""-"",G35/E35)",65,35,28,"=IF(I35=0,""-"",K35/I35)","=IF($B$3*E35+I35=0,""-"",($B$3*G35+K35)/($B$3*E35+I35))",1,16,3.12,
Tage Thompson,BUF,C,Top 6 PP1,4,2,2,"=IF(E36=0,""-"",G36/E36)",81,40,35,"=IF(I36=0,""-"",K36/I36)","=IF($B$3*E36+I36=0,""-"",($B$3*G36+K36)/($B$3*E36+I36))",0,6,3.67,
Brad Marchand,FLA,L,Top 6,2,1,1,"=IF(E37=0,""-"",G37/E37)",52,27,22,"=IF(I37=0,""-"",K37/I37)","=IF($B$3*E37+I37=0,""-"",($B$3*G37+K37)/($B$3*E37+I37))",0,6,2.64,Day-To-Day
Cole Caufield,MTL,R,Top 6 PP1,4,2,1,"=IF(E38=0,""-"",G38/E38)",81,51,37,"=IF(I38=0,""-"",K38/I38)","=IF($B$3*E38+I38=0,""-"",($B$3*G38+K38)/($B$3*E38+I38))",0,11,3.19,
Nikita Kucherov,TBL,R,Top 6 PP1,4,1,1,"=IF(E39=0,""-"",G39/E39)",77,44,35,"=IF(I39=0,""-"",K39/I39)","=IF($B$3*E39+I39=0,""-"",($B$3*G39+K39)/($B$3*E39+I39))",0,8,2.8,
Mark Stone,VGK,R,Top 6 PP1,5,3,3,"=IF(E40=0,""-"",G40/E40)",60,28,23,"=IF(I40=0,""-"",K40/I40)","=IF($B$3*E40+I40=0,""-"",($B$3*G40+K40)/($B$3*E40+I40))",0,9,2.25,
Zach Hyman,EDM,L,Top 6 PP1,1,0,0,"=IF(E41=0,""-"",G41/E41)",58,31,26,"=IF(I41=0,""-"",K41/I41)","=IF($B$3*E41+I41=0,""-"",($B$3*G41+K41)/($B$3*E41+I41))",0,10,2.75,Out
Bo Horvat,NYI,C,Top 6 PP1,4,4,3,"=IF(E42=0,""-"",G42/E42)",68,31,25,"=IF(I42=0,""-"",K42/I42)","=IF($B$3*E42+I42=0,""-"",($B$3*G42+K42)/($B$3*E42+I42))",3,7,3.35,Day-To-Day
Cutter Gauthier,ANA,L,Top 6 PP1,3,2,1,"=IF(E43=0,""-"",G43/E43)",76,41,33,"=IF(I43=0,""-"",K43/I43)","=IF($B$3*E43+I43=0,""-"",($B$3*G43+K43)/($B$3*E43+I43))",2,11,3.92,
Dylan Guenther,UTA,R,Top 6 PP1,5,3,2,"=IF(E44=0,""-"",G44/E44)",79,40,33,"=IF(I44=0,""-"",K44/I44)","=IF($B$3*E44+I44=0,""-"",($B$3*G44+K44)/($B$3*E44+I44))",3,9,3.12,
Steven Stamkos,NSH,C,Top 6 PP1,4,3,2,"=IF(E45=0,""-"",G45/E45)",82,42,33,"=IF(I45=0,""-"",K45/I45)","=IF($B$3*E45+I45=0,""-"",($B$3*G45+K45)/($B$3*E45+I45))",2,14,2.51,
Alex Tuch,WSH,R,Top 6 PP2,3,3,2,"=IF(E46=0,""-"",G46/E46)",79,33,30,"=IF(I46=0,""-"",K46/I46)","=IF($B$3*E46+I46=0,""-"",($B$3*G46+K46)/($B$3*E46+I46))",0,7,2.59,
Alex DeBrincat,DET,R,Top 6 PP1,3,2,1,"=IF(E47=0,""-"",G47/E47)",82,41,34,"=IF(I47=0,""-"",K47/I47)","=IF($B$3*E47+I47=0,""-"",($B$3*G47+K47)/($B$3*E47+I47))",1,15,3.42,
Dylan Larkin,DET,C,Top 6 PP1,1,1,1,"=IF(E48=0,""-"",G48/E48)",74,34,28,"=IF(I48=0,""-"",K48/I48)","=IF($B$3*E48+I48=0,""-"",($B$3*G48+K48)/($B$3*E48+I48))",0,14,3.13,
Martin Necas,COL,C,Top 6 PP1,4,2,1,"=IF(E49=0,""-"",G49/E49)",78,38,33,"=IF(I49=0,""-"",K49/I49)","=IF($B$3*E49+I49=0,""-"",($B$3*G49+K49)/($B$3*E49+I49))",0,9,2.72,
William Nylander,TOR,R,Top 6 PP1,5,3,2,"=IF(E50=0,""-"",G50/E50)",65,30,26,"=IF(I50=0,""-"",K50/I50)","=IF($B$3*E50+I50=0,""-"",($B$3*G50+K50)/($B$3*E50+I50))",1,7,2.48,
Macklin Celebrini,SJS,C,Top 6 PP1,2,0,0,"=IF(E51=0,""-"",G51/E51)",82,45,35,"=IF(I51=0,""-"",K51/I51)","=IF($B$3*E51+I51=0,""-"",($B$3*G51+K51)/($B$3*E51+I51))",0,8,3.57,Out
Brandon Hagel,TBL,L,Top 6 PP1,4,1,1,"=IF(E52=0,""-"",G52/E52)",71,36,30,"=IF(I52=0,""-"",K52/I52)","=IF($B$3*E52+I52=0,""-"",($B$3*G52+K52)/($B$3*E52+I52))",0,5,3.3,
Wyatt Johnston,DAL,C,Top 6 PP1,4,0,0,"=IF(E53=0,""-"",G53/E53)",82,45,37,"=IF(I53=0,""-"",K53/I53)","=IF($B$3*E53+I53=0,""-"",($B$3*G53+K53)/($B$3*E53+I53))",0,27,2.51,
Tim Stützle,OTT,C,Top 6 PP1,4,3,2,"=IF(E54=0,""-"",G54/E54)",80,34,30,"=IF(I54=0,""-"",K54/I54)","=IF($B$3*E54+I54=0,""-"",($B$3*G54+K54)/($B$3*E54+I54))",0,9,2.34,
Auston Matthews,TOR,C,Top 6 PP1,5,2,2,"=IF(E55=0,""-"",G55/E55)",60,27,23,"=IF(I55=0,""-"",K55/I55)","=IF($B$3*E55+I55=0,""-"",($B$3*G55+K55)/($B$3*E55+I55))",0,5,3.67,
Bryan Rust,PIT,R,Top 6 PP2,1,1,1,"=IF(E56=0,""-"",G56/E56)",72,29,26,"=IF(I56=0,""-"",K56/I56)","=IF($B$3*E56+I56=0,""-"",($B$3*G56+K56)/($B$3*E56+I56))",0,8,2.56,
Matt Boldy,MIN,L,Top 6 PP1,4,0,0,"=IF(E57=0,""-"",G57/E57)",76,42,34,"=IF(I57=0,""-"",K57/I57)","=IF($B$3*E57+I57=0,""-"",($B$3*G57+K57)/($B$3*E57+I57))",0,11,3.53,
Jake Guentzel,TBL,C,Top 6 PP1,4,1,1,"=IF(E58=0,""-"",G58/E58)",81,38,32,"=IF(I58=0,""-"",K58/I58)","=IF($B$3*E58+I58=0,""-"",($B$3*G58+K58)/($B$3*E58+I58))",0,8,2.72,
Adrian Kempe,LAK,R,Top 6 PP1,3,1,1,"=IF(E59=0,""-"",G59/E59)",81,36,30,"=IF(I59=0,""-"",K59/I59)","=IF($B$3*E59+I59=0,""-"",($B$3*G59+K59)/($B$3*E59+I59))",1,4,2.91,
Bobby McMann,SEA,C,Top 6 PP2,4,2,2,"=IF(E60=0,""-"",G60/E60)",78,29,27,"=IF(I60=0,""-"",K60/I60)","=IF($B$3*E60+I60=0,""-"",($B$3*G60+K60)/($B$3*E60+I60))",1,4,2.53,
Connor Bedard,CHI,C,No 26-27 GP,0,0,0,"=IF(E61=0,""-"",G61/E61)",69,30,25,"=IF(I61=0,""-"",K61/I61)","=IF($B$3*E61+I61=0,""-"",($B$3*G61+K61)/($B$3*E61+I61))",0,7,3.28,Injured Reserve
Nick Suzuki,MTL,C,Top 6 PP1,4,3,3,"=IF(E62=0,""-"",G62/E62)",82,29,25,"=IF(I62=0,""-"",K62/I62)","=IF($B$3*E62+I62=0,""-"",($B$3*G62+K62)/($B$3*E62+I62))",0,11,2.23,
Filip Forsberg,NSH,L,Top 6 PP1,4,0,0,"=IF(E63=0,""-"",G63/E63)",82,40,34,"=IF(I63=0,""-"",K63/I63)","=IF($B$3*E63+I63=0,""-"",($B$3*G63+K63)/($B$3*E63+I63))",0,11,2.87,
Mark Scheifele,WPG,C,Top 6 PP1,4,0,0,"=IF(E64=0,""-"",G64/E64)",82,36,29,"=IF(I64=0,""-"",K64/I64)","=IF($B$3*E64+I64=0,""-"",($B$3*G64+K64)/($B$3*E64+I64))",0,7,2.05,
Alex Ovechkin,WSH,L,Top 6 PP1,3,0,0,"=IF(E65=0,""-"",G65/E65)",82,32,24,"=IF(I65=0,""-"",K65/I65)","=IF($B$3*E65+I65=0,""-"",($B$3*G65+K65)/($B$3*E65+I65))",0,5,2.78,
Zach Werenski,CBJ,D,Top pair PP1,2,0,0,"=IF(E66=0,""-"",G66/E66)",75,22,20,"=IF(I66=0,""-"",K66/I66)","=IF($B$3*E66+I66=0,""-"",($B$3*G66+K66)/($B$3*E66+I66))",0,4,3.36,
Evan Bouchard,EDM,D,Top pair PP1,4,6,3,"=IF(E67=0,""-"",G67/E67)",82,21,18,"=IF(I67=0,""-"",K67/I67)","=IF($B$3*E67+I67=0,""-"",($B$3*G67+K67)/($B$3*E67+I67))",0,7,2.86,
Darren Raddysh,TOR,D,Top pair PP1,5,0,0,"=IF(E68=0,""-"",G68/E68)",73,22,19,"=IF(I68=0,""-"",K68/I68)","=IF($B$3*E68+I68=0,""-"",($B$3*G68+K68)/($B$3*E68+I68))",0,10,2.82,
Matthew Schaefer,NYI,D,Top pair PP1,4,0,0,"=IF(E69=0,""-"",G69/E69)",82,23,19,"=IF(I69=0,""-"",K69/I69)","=IF($B$3*E69+I69=0,""-"",($B$3*G69+K69)/($B$3*E69+I69))",0,8,2.71,
Dougie Hamilton,NJD,D,Top pair PP2,3,1,1,"=IF(E70=0,""-"",G70/E70)",77,12,11,"=IF(I70=0,""-"",K70/I70)","=IF($B$3*E70+I70=0,""-"",($B$3*G70+K70)/($B$3*E70+I70))",0,4,2.71,
Jakob Chychrun,WSH,D,Top pair PP1,3,1,1,"=IF(E71=0,""-"",G71/E71)",80,26,22,"=IF(I71=0,""-"",K71/I71)","=IF($B$3*E71+I71=0,""-"",($B$3*G71+K71)/($B$3*E71+I71))",1,8,2.69,
,,,,,,,,,,,,,,,,
First goal of the game (shootout goals not counted),,,,,,,,,,,,,,,,
Player,Tm,Role,GP 26,FG 26,FG% 26,GP 25,FG 25,FG% 25,Blend FG%,Team 1st% 26,Team 1st% 25,,,,,
Adrian Kempe,LAK,Top 6 PP1,3,1,"=IF(D75=0,""-"",E75/D75)",81,9,"=IF(G75=0,""-"",H75/G75)","=IF($B$3*D75+G75=0,""-"",($B$3*E75+H75)/($B$3*D75+G75))",0.667,0.5,,,,,
Cutter Gauthier,ANA,Top 6 PP1,3,1,"=IF(D76=0,""-"",E76/D76)",76,8,"=IF(G76=0,""-"",H76/G76)","=IF($B$3*D76+G76=0,""-"",($B$3*E76+H76)/($B$3*D76+G76))",1.0,0.402,,,,,
Cole Caufield,MTL,Top 6 PP1,4,1,"=IF(D77=0,""-"",E77/D77)",81,9,"=IF(G77=0,""-"",H77/G77)","=IF($B$3*D77+G77=0,""-"",($B$3*E77+H77)/($B$3*D77+G77))",0.5,0.561,,,,,
Dylan Guenther,UTA,Top 6 PP1,5,1,"=IF(D78=0,""-"",E78/D78)",79,7,"=IF(G78=0,""-"",H78/G78)","=IF($B$3*D78+G78=0,""-"",($B$3*E78+H78)/($B$3*D78+G78))",0.6,0.537,,,,,
Bo Horvat,NYI,Top 6 PP1,4,1,"=IF(D79=0,""-"",E79/D79)",68,5,"=IF(G79=0,""-"",H79/G79)","=IF($B$3*D79+G79=0,""-"",($B$3*E79+H79)/($B$3*D79+G79))",0.5,0.524,,,,,
Martin Necas,COL,Top 6 PP1,4,0,"=IF(D80=0,""-"",E80/D80)",78,9,"=IF(G80=0,""-"",H80/G80)","=IF($B$3*D80+G80=0,""-"",($B$3*E80+H80)/($B$3*D80+G80))",1.0,0.61,,,,,
Jason Robertson,DAL,Top 6 PP1,4,1,"=IF(D81=0,""-"",E81/D81)",82,6,"=IF(G81=0,""-"",H81/G81)","=IF($B$3*D81+G81=0,""-"",($B$3*E81+H81)/($B$3*D81+G81))",0.75,0.512,,,,,
Steven Stamkos,NSH,Top 6 PP1,4,1,"=IF(D82=0,""-"",E82/D82)",82,6,"=IF(G82=0,""-"",H82/G82)","=IF($B$3*D82+G82=0,""-"",($B$3*E82+H82)/($B$3*D82+G82))",0.25,0.378,,,,,
Alex Tuch,WSH,Top 6 PP2,3,1,"=IF(D83=0,""-"",E83/D83)",79,5,"=IF(G83=0,""-"",H83/G83)","=IF($B$3*D83+G83=0,""-"",($B$3*E83+H83)/($B$3*D83+G83))",0.667,0.61,,,,,
Matt Boldy,MIN,Top 6 PP1,4,0,"=IF(D84=0,""-"",E84/D84)",76,8,"=IF(G84=0,""-"",H84/G84)","=IF($B$3*D84+G84=0,""-"",($B$3*E84+H84)/($B$3*D84+G84))",0.5,0.549,,,,,
William Nylander,TOR,Top 6 PP1,5,1,"=IF(D85=0,""-"",E85/D85)",65,4,"=IF(G85=0,""-"",H85/G85)","=IF($B$3*D85+G85=0,""-"",($B$3*E85+H85)/($B$3*D85+G85))",0.6,0.463,,,,,
Tim Stützle,OTT,Top 6 PP1,4,2,"=IF(D86=0,""-"",E86/D86)",80,2,"=IF(G86=0,""-"",H86/G86)","=IF($B$3*D86+G86=0,""-"",($B$3*E86+H86)/($B$3*D86+G86))",1.0,0.488,,,,,
Connor Bedard,CHI,No 26-27 GP,0,0,"=IF(D87=0,""-"",E87/D87)",69,6,"=IF(G87=0,""-"",H87/G87)","=IF($B$3*D87+G87=0,""-"",($B$3*E87+H87)/($B$3*D87+G87))",0.2,0.549,,,,,
Brad Marchand,FLA,Top 6,2,0,"=IF(D88=0,""-"",E88/D88)",52,5,"=IF(G88=0,""-"",H88/G88)","=IF($B$3*D88+G88=0,""-"",($B$3*E88+H88)/($B$3*D88+G88))",0.25,0.5,,,,,
Wyatt Johnston,DAL,Top 6 PP1,4,0,"=IF(D89=0,""-"",E89/D89)",82,8,"=IF(G89=0,""-"",H89/G89)","=IF($B$3*D89+G89=0,""-"",($B$3*E89+H89)/($B$3*D89+G89))",0.75,0.512,,,,,
Brandon Hagel,TBL,Top 6 PP1,4,0,"=IF(D90=0,""-"",E90/D90)",71,7,"=IF(G90=0,""-"",H90/G90)","=IF($B$3*D90+G90=0,""-"",($B$3*E90+H90)/($B$3*D90+G90))",0.75,0.463,,,,,
Alex DeBrincat,DET,Top 6 PP1,3,0,"=IF(D91=0,""-"",E91/D91)",82,7,"=IF(G91=0,""-"",H91/G91)","=IF($B$3*D91+G91=0,""-"",($B$3*E91+H91)/($B$3*D91+G91))",0.0,0.439,,,,,
Nathan MacKinnon,COL,Top 6 PP1,4,0,"=IF(D92=0,""-"",E92/D92)",80,7,"=IF(G92=0,""-"",H92/G92)","=IF($B$3*D92+G92=0,""-"",($B$3*E92+H92)/($B$3*D92+G92))",1.0,0.61,,,,,
Connor McDavid,EDM,Top 6 PP1,4,0,"=IF(D93=0,""-"",E93/D93)",82,7,"=IF(G93=0,""-"",H93/G93)","=IF($B$3*D93+G93=0,""-"",($B$3*E93+H93)/($B$3*D93+G93))",0.5,0.488,,,,,
Filip Forsberg,NSH,Top 6 PP1,4,0,"=IF(D94=0,""-"",E94/D94)",82,7,"=IF(G94=0,""-"",H94/G94)","=IF($B$3*D94+G94=0,""-"",($B$3*E94+H94)/($B$3*D94+G94))",0.25,0.378,,,,,
Zach Werenski,CBJ,Top pair PP1,2,0,"=IF(D95=0,""-"",E95/D95)",75,6,"=IF(G95=0,""-"",H95/G95)","=IF($B$3*D95+G95=0,""-"",($B$3*E95+H95)/($B$3*D95+G95))",0.0,0.61,,,,,
Macklin Celebrini,SJS,Top 6 PP1,2,0,"=IF(D96=0,""-"",E96/D96)",82,6,"=IF(G96=0,""-"",H96/G96)","=IF($B$3*D96+G96=0,""-"",($B$3*E96+H96)/($B$3*D96+G96))",0.25,0.463,,,,,
Kirill Kaprizov,MIN,Top 6 PP1,4,0,"=IF(D97=0,""-"",E97/D97)",78,6,"=IF(G97=0,""-"",H97/G97)","=IF($B$3*D97+G97=0,""-"",($B$3*E97+H97)/($B$3*D97+G97))",0.5,0.549,,,,,
Zach Hyman,EDM,Top 6 PP1,1,0,"=IF(D98=0,""-"",E98/D98)",58,4,"=IF(G98=0,""-"",H98/G98)","=IF($B$3*D98+G98=0,""-"",($B$3*E98+H98)/($B$3*D98+G98))",0.5,0.488,,,,,
Jake Guentzel,TBL,Top 6 PP1,4,0,"=IF(D99=0,""-"",E99/D99)",81,6,"=IF(G99=0,""-"",H99/G99)","=IF($B$3*D99+G99=0,""-"",($B$3*E99+H99)/($B$3*D99+G99))",0.75,0.463,,,,,
Kyle Connor,WPG,Top 6 PP1,4,0,"=IF(D100=0,""-"",E100/D100)",82,6,"=IF(G100=0,""-"",H100/G100)","=IF($B$3*D100+G100=0,""-"",($B$3*E100+H100)/($B$3*D100+G100))",0.5,0.537,,,,,
Nikita Kucherov,TBL,Top 6 PP1,4,0,"=IF(D101=0,""-"",E101/D101)",77,5,"=IF(G101=0,""-"",H101/G101)","=IF($B$3*D101+G101=0,""-"",($B$3*E101+H101)/($B$3*D101+G101))",0.75,0.463,,,,,
Nick Suzuki,MTL,Top 6 PP1,4,1,"=IF(D102=0,""-"",E102/D102)",82,2,"=IF(G102=0,""-"",H102/G102)","=IF($B$3*D102+G102=0,""-"",($B$3*E102+H102)/($B$3*D102+G102))",0.5,0.561,,,,,
Mark Scheifele,WPG,Top 6 PP1,4,0,"=IF(D103=0,""-"",E103/D103)",82,5,"=IF(G103=0,""-"",H103/G103)","=IF($B$3*D103+G103=0,""-"",($B$3*E103+H103)/($B$3*D103+G103))",0.5,0.537,,,,,
Leon Draisaitl,EDM,Top 6 PP1,4,0,"=IF(D104=0,""-"",E104/D104)",65,4,"=IF(G104=0,""-"",H104/G104)","=IF($B$3*D104+G104=0,""-"",($B$3*E104+H104)/($B$3*D104+G104))",0.5,0.488,,,,,
Dylan Larkin,DET,Top 6 PP1,1,0,"=IF(D105=0,""-"",E105/D105)",74,4,"=IF(G105=0,""-"",H105/G105)","=IF($B$3*D105+G105=0,""-"",($B$3*E105+H105)/($B$3*D105+G105))",0.0,0.439,,,,,
Bobby McMann,SEA,Top 6 PP2,4,0,"=IF(D106=0,""-"",E106/D106)",78,4,"=IF(G106=0,""-"",H106/G106)","=IF($B$3*D106+G106=0,""-"",($B$3*E106+H106)/($B$3*D106+G106))",0.5,0.5,,,,,
Alex Ovechkin,WSH,Top 6 PP1,3,0,"=IF(D107=0,""-"",E107/D107)",82,4,"=IF(G107=0,""-"",H107/G107)","=IF($B$3*D107+G107=0,""-"",($B$3*E107+H107)/($B$3*D107+G107))",0.667,0.61,,,,,
Mark Stone,VGK,Top 6 PP1,5,0,"=IF(D108=0,""-"",E108/D108)",60,3,"=IF(G108=0,""-"",H108/G108)","=IF($B$3*D108+G108=0,""-"",($B$3*E108+H108)/($B$3*D108+G108))",0.4,0.415,,,,,
Bryan Rust,PIT,Top 6 PP2,1,0,"=IF(D109=0,""-"",E109/D109)",72,3,"=IF(G109=0,""-"",H109/G109)","=IF($B$3*D109+G109=0,""-"",($B$3*E109+H109)/($B$3*D109+G109))",0.5,0.573,,,,,
Jakob Chychrun,WSH,Top pair PP1,3,0,"=IF(D110=0,""-"",E110/D110)",80,3,"=IF(G110=0,""-"",H110/G110)","=IF($B$3*D110+G110=0,""-"",($B$3*E110+H110)/($B$3*D110+G110))",0.667,0.61,,,,,
Tage Thompson,BUF,Top 6 PP1,4,0,"=IF(D111=0,""-"",E111/D111)",81,3,"=IF(G111=0,""-"",H111/G111)","=IF($B$3*D111+G111=0,""-"",($B$3*E111+H111)/($B$3*D111+G111))",0.25,0.537,,,,,
Matthew Schaefer,NYI,Top pair PP1,4,0,"=IF(D112=0,""-"",E112/D112)",82,3,"=IF(G112=0,""-"",H112/G112)","=IF($B$3*D112+G112=0,""-"",($B$3*E112+H112)/($B$3*D112+G112))",0.5,0.524,,,,,
Evan Bouchard,EDM,Top pair PP1,4,0,"=IF(D113=0,""-"",E113/D113)",82,2,"=IF(G113=0,""-"",H113/G113)","=IF($B$3*D113+G113=0,""-"",($B$3*E113+H113)/($B$3*D113+G113))",0.5,0.488,,,,,
Dougie Hamilton,NJD,Top pair PP2,3,0,"=IF(D114=0,""-"",E114/D114)",77,1,"=IF(G114=0,""-"",H114/G114)","=IF($B$3*D114+G114=0,""-"",($B$3*E114+H114)/($B$3*D114+G114))",0.0,0.415,,,,,
Darren Raddysh,TOR,Top pair PP1,5,0,"=IF(D115=0,""-"",E115/D115)",73,1,"=IF(G115=0,""-"",H115/G115)","=IF($B$3*D115+G115=0,""-"",($B$3*E115+H115)/($B$3*D115+G115))",0.6,0.463,,,,,
Auston Matthews,TOR,Top 6 PP1,5,0,"=IF(D116=0,""-"",E116/D116)",60,0,"=IF(G116=0,""-"",H116/G116)","=IF($B$3*D116+G116=0,""-"",($B$3*E116+H116)/($B$3*D116+G116))",0.6,0.463,,,,,
,,,,,,,,,,,,,,,,
"Shots on goal (share of games over each line, blended)",,,,,,,,,,,,,,,,
Player,Tm,SOG/G 26,SOG/G 25,Over 1.5,Over 2.5,Over 3.5,Over 4.5,Last 5 (newest first),L5 from 26,,,,,,,
Nathan MacKinnon,COL,3.75,4.38,0.88,0.717,0.63,0.413,'2 1 4 8 4,4,,,,,,,
Cutter Gauthier,ANA,5.33,3.75,0.894,0.706,0.553,0.365,'7 4 5 6 4,3,,,,,,,
Kyle Connor,WPG,6.0,3.34,0.872,0.649,0.489,0.319,'4 6 5 9 7,4,,,,,,,
Tage Thompson,BUF,5.75,3.36,0.86,0.688,0.527,0.323,'6 9 4 4 6,4,,,,,,,
Auston Matthews,TOR,3.2,3.78,0.867,0.653,0.507,0.32,'2 4 6 1 3,5,,,,,,,
Macklin Celebrini,SJS,4.5,3.5,0.807,0.659,0.466,0.341,'2 7 3 3 2,2,,,,,,,
Matt Boldy,MIN,4.75,3.34,0.852,0.682,0.455,0.273,'3 7 4 5 5,4,,,,,,,
Connor McDavid,EDM,2.0,3.73,0.787,0.67,0.447,0.309,'1 4 3 0 3,4,,,,,,,
Jason Robertson,DAL,2.75,3.59,0.883,0.628,0.468,0.266,'4 4 1 2 1,4,,,,,,,
Alex DeBrincat,DET,2.67,3.5,0.835,0.747,0.429,0.209,'3 4 1 1 6,3,,,,,,,
Zach Werenski,CBJ,2.0,3.47,0.864,0.642,0.432,0.272,'1 3 3 8 4,2,,,,,,,
Bo Horvat,NYI,3.5,3.32,0.863,0.625,0.45,0.2,'4 2 4 4 2,4,,,,,,,
Brandon Hagel,TBL,5.0,3.01,0.819,0.651,0.41,0.253,'3 8 6 3 5,4,,,,,,,
Kirill Kaprizov,MIN,2.25,3.45,0.811,0.656,0.356,0.233,'0 3 3 3 0,4,,,,,,,
Connor Bedard,CHI,-,3.28,0.797,0.667,0.42,0.246,'0 0 6 3 7,0,,,,,,,
Cole Caufield,MTL,3.25,3.19,0.785,0.667,0.419,0.215,'6 1 3 3 10,4,,,,,,,
Dylan Larkin,DET,4.0,3.09,0.753,0.662,0.416,0.169,'4 1 4 4 5,1,,,,,,,
Dylan Guenther,UTA,3.4,3.06,0.809,0.638,0.404,0.234,'0 5 2 5 5,5,,,,,,,
Leon Draisaitl,EDM,4.5,2.86,0.792,0.584,0.39,0.247,'2 6 5 5 2,4,,,,,,,
Adrian Kempe,LAK,4.0,2.79,0.789,0.567,0.356,0.178,'3 6 3 2 5,3,,,,,,,
Filip Forsberg,NSH,2.0,3.0,0.798,0.521,0.33,0.138,'3 2 1 2 6,4,,,,,,,
Evan Bouchard,EDM,4.0,2.7,0.745,0.532,0.372,0.138,'4 2 4 6 2,4,,,,,,,
Darren Raddysh,TOR,2.4,2.9,0.761,0.545,0.33,0.193,'1 2 2 4 3,5,,,,,,,
Nikita Kucherov,TBL,1.5,3.0,0.685,0.517,0.27,0.169,'1 1 3 1 1,4,,,,,,,
Alex Ovechkin,WSH,1.0,2.98,0.824,0.56,0.286,0.099,'2 0 1 4 3,3,,,,,,,
Zach Hyman,EDM,3.0,2.74,0.754,0.541,0.295,0.131,'3 1 1 0 3,1,,,,,,,
Martin Necas,COL,3.25,2.64,0.789,0.556,0.289,0.1,'2 3 4 4 5,4,,,,,,,
Jake Guentzel,TBL,2.75,2.72,0.656,0.484,0.29,0.204,'1 5 2 3 2,4,,,,,,,
Matthew Schaefer,NYI,2.75,2.71,0.777,0.521,0.255,0.117,'4 2 2 3 5,4,,,,,,,
Dougie Hamilton,NJD,3.33,2.64,0.733,0.558,0.256,0.128,'1 3 6 3 3,3,,,,,,,
Jakob Chychrun,WSH,2.0,2.76,0.685,0.472,0.326,0.18,'1 2 3 1 1,3,,,,,,,
Brad Marchand,FLA,2.5,2.65,0.724,0.466,0.276,0.086,'2 3 1 1 1,2,,,,,,,
Alex Tuch,WSH,3.67,2.47,0.727,0.42,0.284,0.148,'6 2 3 1 3,3,,,,,,,
Bryan Rust,PIT,3.0,2.54,0.747,0.453,0.24,0.16,'3 0 2 3 1,1,,,,,,,
Bobby McMann,SEA,3.75,2.35,0.689,0.556,0.222,0.089,'3 6 3 3 2,4,,,,,,,
Steven Stamkos,NSH,2.5,2.51,0.755,0.404,0.202,0.074,'2 3 4 1 3,4,,,,,,,
Wyatt Johnston,DAL,2.5,2.51,0.745,0.479,0.223,0.085,'1 3 2 4 0,4,,,,,,,
William Nylander,TOR,2.8,2.4,0.65,0.425,0.237,0.163,'5 1 2 1 5,5,,,,,,,
Tim Stützle,OTT,1.75,2.42,0.707,0.424,0.196,0.098,'0 2 3 2 1,4,,,,,,,
Mark Stone,VGK,2.6,2.17,0.653,0.44,0.227,0.08,'5 4 3 0 1,5,,,,,,,
Nick Suzuki,MTL,2.25,2.23,0.66,0.33,0.181,0.064,'1 2 4 2 1,4,,,,,,,
Mark Scheifele,WPG,1.5,2.13,0.606,0.33,0.16,0.043,'1 3 2 0 0,4,,,,,,,
,,,,,,,,,,,,,,,,
"Opponent weakness (all 32 teams, sorted by 26-27 goals allowed per game)",,,,,,,,,,,,,,,,
Team,GP 26,GA/G 26,SA/G 26,PK% 26,GA/G 25,SA/G 25,PK% 25,Main starter 26,SV% 26,SV% 25,Opp scores 1st 26,Tonight,,,,
CGY,4,5.75,28.8,0.923,3.12,29.9,0.804,Dustin Wolf,0.797,0.899,0.75,,,,,
LAK,3,5.0,28.0,0.615,2.9,27.2,0.746,Darcy Kuemper,0.831,0.891,0.333,,,,,
VAN,5,5.0,30.8,0.579,3.83,29.8,0.715,Kevin Lankinen,0.796,0.875,0.6,,,,,
MTL,4,4.75,27.8,0.706,3.06,27.8,0.782,Jakub Dobes,0.856,0.901,0.5,,,,,
NJD,3,4.33,29.3,0.625,3.09,27.4,0.793,Jake Allen,0.875,0.904,1.0,,,,,
CHI,5,4.2,28.6,0.667,3.29,30.0,0.836,Spencer Knight,0.89,0.902,0.8,,,,,
EDM,4,4.0,24.0,0.643,3.23,26.7,0.778,Devon Levi,0.863,-,0.5,,,,,
PHI,5,3.8,36.8,0.75,2.91,25.5,0.776,Joseph Woll,0.927,0.899,0.8,,,,,
BUF,4,3.75,19.0,0.636,2.93,29.1,0.819,Ukko-Pekka Luukkonen,0.782,0.91,0.75,,,,,
CBJ,2,3.5,28.5,0.667,3.06,28.8,0.76,Jet Greaves,0.877,0.908,1.0,vs PIT; G: Jet Greaves (Unconfirmed),,,,
SJS,4,3.5,28.2,0.786,3.54,29.6,0.764,Yaroslav Askarov,0.862,0.884,0.75,,,,,
ANA,3,3.33,26.7,0.818,3.51,28.4,0.764,Lukas Dostal,0.872,0.888,0.0,@ WPG; G: Lukas Dostal (Unconfirmed),,,,
PIT,4,3.25,26.5,0.9,3.15,27.4,0.814,Arturs Silovs,0.859,0.888,0.5,@ CBJ; G: Arturs Silovs (Unconfirmed),,,,
STL,4,3.25,27.2,0.929,3.1,27.7,0.767,Joel Hofer,0.93,0.91,0.25,,,,,
CAR,5,2.8,21.0,0.913,2.88,23.9,0.805,Brandon Bussi,0.851,0.895,0.4,,,,,
TOR,5,2.8,29.6,0.933,3.6,32.4,0.812,Sergei Bobrovsky,0.906,0.877,0.4,,,,,
UTA,5,2.8,22.2,0.778,2.93,26.1,0.781,Karel Vejmelka,0.892,0.897,0.4,,,,,
COL,4,2.75,26.2,1.0,2.4,26.1,0.846,Mackenzie Blackwood,0.895,0.904,0.0,,,,,
NSH,4,2.75,32.8,0.818,3.26,29.6,0.817,Juuse Saros,0.916,0.894,0.75,,,,,
SEA,4,2.75,28.0,0.727,3.13,29.5,0.722,Joey Daccord,0.911,0.897,0.5,@ DET; G: Joey Daccord (Unconfirmed),,,,
DET,3,2.67,24.3,0.615,3.1,27.7,0.771,John Gibson,0.903,0.901,1.0,vs SEA; G: John Gibson (Confirmed),,,,
WSH,3,2.67,31.0,0.917,2.9,28.1,0.801,Logan Thompson,0.921,0.912,0.333,vs NYR; G: Logan Thompson (Unconfirmed),,,,
VGK,5,2.6,23.4,0.846,2.95,24.4,0.814,Carter Hart,0.89,0.891,0.6,,,,,
WPG,4,2.5,32.8,0.9,3.12,27.8,0.776,Stuart Skinner,0.92,0.888,0.5,vs ANA; G: Stuart Skinner (Unconfirmed),,,,
BOS,5,2.4,29.6,0.833,3.01,29.7,0.77,Jeremy Swayman,0.932,0.908,0.4,,,,,
OTT,4,2.25,28.2,0.765,2.99,24.4,0.757,Linus Ullmark,0.956,0.891,0.0,,,,,
TBL,4,2.25,24.2,0.778,2.79,26.7,0.826,Andrei Vasilevskiy,0.9,0.912,0.25,,,,,
FLA,4,2.0,21.8,0.789,3.34,26.8,0.81,Jacob Markstrom,0.927,0.883,0.75,,,,,
MIN,4,2.0,27.5,0.917,2.87,29.4,0.798,Jesper Wallstedt,0.927,0.916,0.5,,,,,
NYI,4,2.0,27.5,0.867,2.88,27.7,0.808,Ilya Sorokin,0.965,0.906,0.5,,,,,
NYR,5,1.6,23.6,0.875,3.04,28.8,0.799,Igor Shesterkin,0.926,0.912,0.2,@ WSH; G: Igor Shesterkin (Unconfirmed),,,,
DAL,4,1.5,22.2,0.833,2.71,26.2,0.803,Jake Oettinger,0.967,0.899,0.25,,,,,
,,,,,,,,,,,,,,,,
Sources,"NHL API boxscores and game summaries (api-web.nhle.com), 1312 2025-26 and 65 2026-27 regular-season games; NHL stats API (api.nhle.com) for GA/G, SA/G, PK%, SV%, PP time on ice; Daily Faceoff starting goalies; ESPN injuries. Pulled 10/9 6:31 AM ET. Role = TOI rank on team (Top 6 F, Top pair D) and PP time rank (PP1 = top 5 on team), a proxy for line charts, not the official lines. Rebuilt weekly by analysis/nhl/build_nhl_tab.py.",,,,,,,,,,,,,,,
